type,number,desc
SNP,44901753,TemperatureSeasonalityStandardDeviation.png
SNP,43699104,MeanTemperatureofDryestQuarter.png
SNP,43689786,SoilpHinKCl.png
SNP,44899422,SiltContent.png
SNP,43686742,MeanTemperatureofDryestQuarter.png
SNP,43465073,PrecipitationofDriestQuarter.png
SNP,1224709,PrecipitationofColdestQuarter.png
SNP,25272951,MeanTemperatureofColdestQuarter.png
SNP,43465246,SoilpHinH2O.png
SNP,25273356,MeanTemperatureofDryestQuarter.png
SNP,44899607,MeanTemperatureofWettestQuarter.png
SNP,1223619,MeanTemperatureofColdestQuarter.png
SNP,44900753,CationExchangeCapacityofSoil.png
SNP,25271101,ClayContent.png
SNP,25271082,Isothermality.png
SNP,25270069,PrecipitationofDriestQuarter.png
SNP,43714109,MeanTemperatureofDryestQuarter.png
SNP,25270235,SaturatedWaterContent.png
SNP,43704750,AnnualMeanDiurnalRange.png
SNP,44901667,MeanTemperatureofColdestQuarter.png
SNP,44899446,SiltContent.png
SNP,44898374,SandContent.png
SNP,43689049,SoilpHinH2O.png
SNP,6780227,BulkDensity.png
SNP,25270174,MinTemperatureoftheColdestMonth.png
SNP,25273024,MeanTemperatureofWettestQuarter.png
SNP,43700797,AnnualMeanDiurnalRange.png
SNP,43688025,AnnualMeanDiurnalRange.png
SNP,43691413,MeanTemperatureofColdestQuarter.png
SNP,43701407,AnnualPrecipitation.png
SNP,43714061,MeanTemperatureofDryestQuarter.png
SNP,43462970,PrecipitationofColdestQuarter.png
SNP,2689185,AnnualMeanTemperature.png
SNP,43689976,AnnualTemperatureRange.png
SNP,2689185,PrecipitationofWarmestQuarter.png
SNP,25272487,PrecipitationofWettestMonth.png
SNP,43701966,MaxTemperatureoftheWarmestMonth.png
SNP,25270234,SaturatedWaterContent.png
SNP,43689277,MeanTemperatureofColdestQuarter.png
SNP,25271443,MaxTemperatureoftheWarmestMonth.png
SNP,43703394,SoilOrganicCarbonContent.png
SNP,44901862,SiltContent.png
SNP,43700166,MeanTemperatureofColdestQuarter.png
SNP,43703416,MeanTemperatureofWettestQuarter.png
SNP,1224709,PrecipitationofWettestMonth.png
SNP,43701966,SoilOrganicCarbonContent.png
SNP,25273051,AvailableSoilWaterCapacity.png
SNP,43691145,PrecipitationofDriestQuarter.png
SNP,25273323,PrecipitationofWarmestQuarter.png
SNP,25274503,SaturatedWaterContent.png
SNP,43698630,Isothermality.png
SNP,2691074,SoilOrganicCarbonContent.png
SNP,25273024,ClayContent.png
SNP,43688025,TemperatureSeasonalityStandardDeviation.png
SNP,25270027,PrecipitationofDriestMonth.png
SNP,25271082,PrecipitationofDriestQuarter.png
SNP,25272360,AvailableSoilWaterCapacity.png
SNP,43688876,MeanTemperatureofColdestQuarter.png
SNP,1219145,MaxTemperatureoftheWarmestMonth.png
SNP,25272825,ClayContent.png
SNP,43701407,PrecipitationofColdestQuarter.png
SNP,44898935,PrecipitationSeasonalityCV.png
SNP,43691469,Isothermality.png
SNP,25273051,SoilpHinKCl.png
SNP,25270330,MaxTemperatureoftheWarmestMonth.png
SNP,1219145,AnnualPrecipitation.png
SNP,44901753,SiltContent.png
SNP,43688343,SoilpHinKCl.png
SNP,43701741,CoarseFragments.png
SNP,25273024,MeanTemperatureofColdestQuarter.png
SNP,43704657,MeanTemperatureofDryestQuarter.png
SNP,1223934,MeanTemperatureofWettestQuarter.png
SNP,43700166,SoilpHinKCl.png
SNP,43691589,MeanTemperatureofColdestQuarter.png
SNP,2688296,AnnualMeanTemperature.png
SNP,25272140,MaxTemperatureoftheWarmestMonth.png
SNP,1224607,AvailableSoilWaterCapacityuntilwiltingpoint.png
SNP,2688234,MaxTemperatureoftheWarmestMonth.png
SNP,25272592,SoilpHinH2O.png
SNP,25273424,SaturatedWaterContent.png
SNP,43691097,AnnualMeanTemperature.png
SNP,44898935,PrecipitationofDriestQuarter.png
SNP,43702428,TemperatureSeasonalityStandardDeviation.png
SNP,44901729,PrecipitationofDriestQuarter.png
SNP,1223485,MeanTemperatureofWettestQuarter.png
SNP,43701412,PrecipitationofWarmestQuarter.png
SNP,2688028,SoilpHinKCl.png
SNP,43701412,MeanTemperatureofDryestQuarter.png
SNP,43461163,PrecipitationSeasonalityCV.png
SNP,43703361,MinTemperatureoftheColdestMonth.png
SNP,25272851,SoilpHinH2O.png
SNP,44899980,SiltContent.png
SNP,25272851,AnnualMeanTemperature.png
SNP,43703293,MeanTemperatureofDryestQuarter.png
SNP,43704750,MaxTemperatureoftheWarmestMonth.png
SNP,25270073,AvailableSoilWaterCapacityuntilwiltingpoint.png
SNP,43688878,AnnualTemperatureRange.png
SNP,43733787,PrecipitationofColdestQuarter.png
SNP,43685037,AnnualMeanDiurnalRange.png
SNP,44899405,SiltContent.png
SNP,43689796,AnnualTemperatureRange.png
SNP,43688878,SoilpHinH2O.png
SNP,25274613,AnnualMeanDiurnalRange.png
SNP,43464036,MaxTemperatureoftheWarmestMonth.png
SNP,44902052,MinTemperatureoftheColdestMonth.png
SNP,25270027,PrecipitationofDriestQuarter.png
SNP,44900753,SaturatedWaterContent.png
SNP,25274365,ClayContent.png
SNP,25271101,Isothermality.png
SNP,43689049,MeanTemperatureofDryestQuarter.png
SNP,43701955,AnnualMeanDiurnalRange.png
SNP,25272986,MeanTemperatureofDryestQuarter.png
SNP,43699517,MaxTemperatureoftheWarmestMonth.png
SNP,25274365,AvailableSoilWaterCapacity.png
SNP,43688025,MeanTemperatureofColdestQuarter.png
SNP,43462970,PrecipitationofWarmestQuarter.png
SNP,43689976,PrecipitationofDriestQuarter.png
SNP,25272487,TemperatureSeasonalityStandardDeviation.png
SNP,25272952,AnnualMeanDiurnalRange.png
SNP,43700984,MeanTemperatureofDryestQuarter.png
SNP,43704627,SoilpHinH2O.png
SNP,43699957,CoarseFragments.png
SNP,43462554,SiltContent.png
SNP,43690034,MaxTemperatureoftheWarmestMonth.png
SNP,43690024,AnnualMeanTemperature.png
SNP,43691226,Isothermality.png
SNP,43700180,PrecipitationSeasonalityCV.png
SNP,6780227,AnnualMeanDiurnalRange.png
SNP,43703416,AnnualMeanDiurnalRange.png
SNP,43691145,SoilOrganicCarbonContent.png
SNP,43699590,AnnualMeanTemperature.png
SNP,44901667,MinTemperatureoftheColdestMonth.png
SNP,43700667,TemperatureSeasonalityStandardDeviation.png
SNP,43688878,TemperatureSeasonalityStandardDeviation.png
SNP,25272952,PrecipitationofDriestQuarter.png
SNP,43465214,AvailableSoilWaterCapacity.png
SNP,43699396,AnnualTemperatureRange.png
SNP,44899450,TemperatureSeasonalityStandardDeviation.png
SNP,43689796,AnnualMeanTemperature.png
SNP,6780227,MaxTemperatureoftheWarmestMonth.png
SNP,44901753,AnnualTemperatureRange.png
SNP,43689976,PrecipitationSeasonalityCV.png
SNP,44899446,PrecipitationofDriestMonth.png
SNP,2688278,CoarseFragments.png
SNP,25270514,AnnualMeanDiurnalRange.png
SNP,43715437,AnnualTemperatureRange.png
SNP,43460149,SandContent.png
SNP,43690073,MeanTemperatureofWarmestQuarter.png
SNP,2688278,MeanTemperatureofWarmestQuarter.png
SNP,43700709,MeanTemperatureofColdestQuarter.png
SNP,43700564,MaxTemperatureoftheWarmestMonth.png
SNP,25272952,AnnualMeanTemperature.png
SNP,25272951,MaxTemperatureoftheWarmestMonth.png
SNP,43700933,AnnualMeanDiurnalRange.png
SNP,43700229,AnnualMeanTemperature.png
SNP,25272952,BulkDensity.png
SNP,43713056,MaxTemperatureoftheWarmestMonth.png
SNP,43699786,PrecipitationofWettestMonth.png
SNP,43690042,SoilpHinH2O.png
SNP,43702512,ClayContent.png
SNP,2691128,SoilpHinH2O.png
SNP,44901729,BulkDensity.png
SNP,25272825,AnnualMeanDiurnalRange.png
SNP,25272951,MeanTemperatureofDryestQuarter.png
SNP,25273578,SoilpHinH2O.png
SNP,44901729,SiltContent.png
SNP,43464556,PrecipitationofDriestQuarter.png
SNP,43704634,AnnualMeanDiurnalRange.png
SNP,25271812,PrecipitationofDriestMonth.png
SNP,43703555,SandContent.png
SNP,44901051,ClayContent.png
SNP,25273024,AvailableSoilWaterCapacityuntilwiltingpoint.png
SNP,2688296,BulkDensity.png
SNP,43700229,PrecipitationSeasonalityCV.png
SNP,44899449,PrecipitationofDriestMonth.png
SNP,2688296,PrecipitationofDriestMonth.png
SNP,44901708,AnnualMeanTemperature.png
SNP,43712692,MeanTemperatureofDryestQuarter.png
SNP,1220251,AnnualMeanDiurnalRange.png
SNP,43691145,SaturatedWaterContent.png
SNP,25272851,PrecipitationofWarmestQuarter.png
SNP,43704663,SoilOrganicCarbonContent.png
SNP,25273998,AnnualMeanTemperature.png
SNP,43699590,TemperatureSeasonalityStandardDeviation.png
SNP,43685917,MeanTemperatureofColdestQuarter.png
SNP,44901957,MeanTemperatureofColdestQuarter.png
SNP,43733975,PrecipitationofDriestMonth.png
SNP,25270238,PrecipitationofDriestMonth.png
SNP,44901335,TemperatureSeasonalityStandardDeviation.png
SNP,43733975,PrecipitationofWarmestQuarter.png
SNP,43698630,BulkDensity.png
SNP,25273029,TemperatureSeasonalityStandardDeviation.png
SNP,1225390,Isothermality.png
SNP,44899478,SiltContent.png
SNP,43687942,SoilpHinKCl.png
SNP,43691413,PrecipitationSeasonalityCV.png
SNP,43465102,PrecipitationSeasonalityCV.png
SNP,25272405,MaxTemperatureoftheWarmestMonth.png
SNP,44901649,MinTemperatureoftheColdestMonth.png
SNP,25272089,PrecipitationofDriestMonth.png
SNP,25273029,MeanTemperatureofDryestQuarter.png
SNP,43704634,SoilpHinH2O.png
SNP,43728066,BulkDensity.png
SNP,43703171,AnnualTemperatureRange.png
SNP,43713903,AnnualTemperatureRange.png
SNP,2688234,PrecipitationofWettestMonth.png
SNP,43691097,TemperatureSeasonalityStandardDeviation.png
SNP,25273578,SandContent.png
SNP,43688876,TemperatureSeasonalityStandardDeviation.png
SNP,43700709,AvailableSoilWaterCapacityuntilwiltingpoint.png
SNP,25273134,MaxTemperatureoftheWarmestMonth.png
SNP,25270376,TemperatureSeasonalityStandardDeviation.png
SNP,43690042,TemperatureSeasonalityStandardDeviation.png
SNP,1224536,MeanTemperatureofWettestQuarter.png
SNP,43700222,MaxTemperatureoftheWarmestMonth.png
SNP,43699590,ClayContent.png
SNP,43704657,MeanTemperatureofWarmestQuarter.png
SNP,1220457,PrecipitationofDriestQuarter.png
SNP,43700626,MeanTemperatureofDryestQuarter.png
SNP,25273330,MeanTemperatureofDryestQuarter.png
SNP,43733787,PrecipitationofDriestMonth.png
SNP,43691106,AnnualTemperatureRange.png
SNP,43685249,AvailableSoilWaterCapacity.png
SNP,25270215,BulkDensity.png
SNP,43691469,AnnualTemperatureRange.png
SNP,1220964,SoilpHinKCl.png
SNP,25270208,SiltContent.png
SNP,25273869,TemperatureSeasonalityStandardDeviation.png
SNP,44901957,MinTemperatureoftheColdestMonth.png
SNP,43689709,MaxTemperatureoftheWarmestMonth.png
SNP,1219701,PrecipitationofDriestQuarter.png
SNP,2688234,CoarseFragments.png
SNP,43700949,MeanTemperatureofWarmestQuarter.png
SNP,44899405,AnnualMeanDiurnalRange.png
SNP,43701565,MinTemperatureoftheColdestMonth.png
SNP,43690377,SoilpHinKCl.png
SNP,1219145,SoilOrganicCarbonContent.png
SNP,6782784,AvailableSoilWaterCapacity.png
SNP,43733824,PrecipitationSeasonalityCV.png
SNP,43691589,PrecipitationSeasonalityCV.png
SNP,43703394,AnnualMeanDiurnalRange.png
SNP,44901862,AnnualMeanTemperature.png
SNP,43685249,SaturatedWaterContent.png
SNP,25273578,ClayContent.png
SNP,43691145,PrecipitationofWarmestQuarter.png
SNP,43687814,AnnualTemperatureRange.png
SNP,1223934,PrecipitationofWarmestQuarter.png
SNP,25271478,AnnualTemperatureRange.png
SNP,2688278,MeanTemperatureofDryestQuarter.png
SNP,25270212,PrecipitationofDriestMonth.png
SNP,43728066,SoilpHinKCl.png
SNP,43686694,Isothermality.png
SNP,1225670,CationExchangeCapacityofSoil.png
SNP,43460437,CoarseFragments.png
SNP,25272952,SoilOrganicCarbonContent.png
SNP,25270330,AnnualPrecipitation.png
SNP,44899980,SoilOrganicCarbonContent.png
SNP,43465073,PrecipitationofDriestMonth.png
SNP,25270309,SoilpHinKCl.png
SNP,43691097,SoilpHinH2O.png
SNP,43702428,ClayContent.png
SNP,43704750,TemperatureSeasonalityStandardDeviation.png
SNP,25270152,TemperatureSeasonalityStandardDeviation.png
SNP,43688343,SoilpHinH2O.png
SNP,44901667,PrecipitationofDriestQuarter.png
SNP,43714365,MeanTemperatureofWarmestQuarter.png
SNP,25270525,TemperatureSeasonalityStandardDeviation.png
SNP,43700212,PrecipitationSeasonalityCV.png
SNP,25270234,BulkDensity.png
SNP,43691589,MeanTemperatureofWarmestQuarter.png
SNP,44902052,PrecipitationofDriestQuarter.png
SNP,43699396,TemperatureSeasonalityStandardDeviation.png
SNP,43698287,Isothermality.png
SNP,25272986,MeanTemperatureofWarmestQuarter.png
SNP,43713056,MeanTemperatureofWarmestQuarter.png
SNP,44899449,MinTemperatureoftheColdestMonth.png
SNP,43685037,TemperatureSeasonalityStandardDeviation.png
SNP,43689709,AnnualMeanDiurnalRange.png
SNP,25270238,PrecipitationofWettestQuarter.png
SNP,43686740,MeanTemperatureofDryestQuarter.png
SNP,25270192,AvailableSoilWaterCapacity.png
SNP,25271443,AnnualTemperatureRange.png
SNP,25272360,SaturatedWaterContent.png
SNP,44901862,TemperatureSeasonalityStandardDeviation.png
SNP,43701050,AnnualMeanDiurnalRange.png
SNP,43688025,SoilpHinKCl.png
SNP,43689796,MeanTemperatureofColdestQuarter.png
SNP,43462554,PrecipitationofDriestQuarter.png
SNP,44901708,SaturatedWaterContent.png
SNP,43687438,AnnualMeanDiurnalRange.png
SNP,25272487,PrecipitationofDriestQuarter.png
SNP,43700984,PrecipitationofDriestQuarter.png
SNP,25271365,Isothermality.png
SNP,25270914,Isothermality.png
SNP,2689020,MaxTemperatureoftheWarmestMonth.png
SNP,25270183,PrecipitationofDriestMonth.png
SNP,43698638,MaxTemperatureoftheWarmestMonth.png
SNP,25271302,PrecipitationSeasonalityCV.png
SNP,6780227,ClayContent.png
SNP,43727474,SandContent.png
SNP,44901051,TemperatureSeasonalityStandardDeviation.png
SNP,43691097,PrecipitationofWettestQuarter.png
SNP,2689185,MeanTemperatureofDryestQuarter.png
SNP,25272589,Isothermality.png
SNP,25273578,AnnualTemperatureRange.png
SNP,43699590,AnnualMeanDiurnalRange.png
SNP,25270069,PrecipitationofWarmestQuarter.png
SNP,25271877,SiltContent.png
SNP,43687942,MinTemperatureoftheColdestMonth.png
SNP,25272589,SaturatedWaterContent.png
SNP,43700895,MeanTemperatureofColdestQuarter.png
SNP,25272986,SoilpHinKCl.png
SNP,25272592,AnnualMeanDiurnalRange.png
SNP,1223934,SandContent.png
SNP,44901867,AnnualTemperatureRange.png
SNP,44902052,SiltContent.png
SNP,43688597,MeanTemperatureofColdestQuarter.png
SNP,43700679,AnnualTemperatureRange.png
SNP,43690042,CoarseFragments.png
SNP,43700474,SoilpHinH2O.png
SNP,43690003,MaxTemperatureoftheWarmestMonth.png
SNP,43698630,MaxTemperatureoftheWarmestMonth.png
SNP,43704657,MaxTemperatureoftheWarmestMonth.png
SNP,44899478,AnnualTemperatureRange.png
SNP,43465082,AnnualTemperatureRange.png
SNP,25271877,PrecipitationSeasonalityCV.png
SNP,25273029,CationExchangeCapacityofSoil.png
SNP,2688296,AnnualPrecipitation.png
SNP,43700667,AnnualTemperatureRange.png
SNP,25270069,MeanTemperatureofColdestQuarter.png
SNP,43728066,PrecipitationofDriestMonth.png
SNP,25270534,MinTemperatureoftheColdestMonth.png
SNP,43700917,AnnualTemperatureRange.png
SNP,25273869,MeanTemperatureofColdestQuarter.png
SNP,43704634,MinTemperatureoftheColdestMonth.png
SNP,44899474,TemperatureSeasonalityStandardDeviation.png
SNP,25273046,MeanTemperatureofWarmestQuarter.png
SNP,25272451,PrecipitationofWarmestQuarter.png
SNP,43700564,AnnualMeanDiurnalRange.png
SNP,25270260,SaturatedWaterContent.png
SNP,25272747,SoilpHinH2O.png
SNP,43700895,SoilpHinKCl.png
SNP,43700554,PrecipitationSeasonalityCV.png
SNP,25272794,MeanTemperatureofDryestQuarter.png
SNP,43689709,BulkDensity.png
SNP,1223934,PrecipitationofDriestMonth.png
SNP,25273705,TemperatureSeasonalityStandardDeviation.png
SNP,43686422,MeanTemperatureofColdestQuarter.png
SNP,1220457,MeanTemperatureofWarmestQuarter.png
SNP,25273046,SoilpHinH2O.png
SNP,25270234,PrecipitationofWarmestQuarter.png
SNP,6782784,AnnualTemperatureRange.png
SNP,25273046,AnnualTemperatureRange.png
SNP,25270330,AnnualMeanDiurnalRange.png
SNP,1223943,MeanTemperatureofDryestQuarter.png
SNP,25270238,AvailableSoilWaterCapacity.png
SNP,25270494,AnnualTemperatureRange.png
SNP,43689976,MeanTemperatureofDryestQuarter.png
SNP,43701407,MaxTemperatureoftheWarmestMonth.png
SNP,44901708,AvailableSoilWaterCapacityuntilwiltingpoint.png
SNP,43687814,SoilOrganicCarbonContent.png
SNP,25270073,PrecipitationofWarmestQuarter.png
SNP,43713056,TemperatureSeasonalityStandardDeviation.png
SNP,25272952,SoilpHinH2O.png
SNP,43699105,MeanTemperatureofWarmestQuarter.png
SNP,6782050,PrecipitationofDriestMonth.png
SNP,44899422,TemperatureSeasonalityStandardDeviation.png
SNP,25270074,PrecipitationofWarmestQuarter.png
SNP,2689018,SoilpHinKCl.png
SNP,43688390,TemperatureSeasonalityStandardDeviation.png
SNP,43464036,MinTemperatureoftheColdestMonth.png
SNP,43703555,MaxTemperatureoftheWarmestMonth.png
SNP,43701771,AnnualMeanDiurnalRange.png
SNP,25271065,AnnualMeanDiurnalRange.png
SNP,43726083,PrecipitationofColdestQuarter.png
SNP,6780227,AvailableSoilWaterCapacity.png
SNP,43703394,SaturatedWaterContent.png
SNP,25272405,AvailableSoilWaterCapacity.png
SNP,6782050,SoilOrganicCarbonContent.png
SNP,43460971,SandContent.png
SNP,43691097,AnnualTemperatureRange.png
SNP,43699660,MeanTemperatureofDryestQuarter.png
SNP,44901667,TemperatureSeasonalityStandardDeviation.png
SNP,43712414,SandContent.png
SNP,43701673,AnnualPrecipitation.png
SNP,43713056,AnnualTemperatureRange.png
SNP,44899361,MinTemperatureoftheColdestMonth.png
SNP,25270309,MaxTemperatureoftheWarmestMonth.png
SNP,43691145,AnnualPrecipitation.png
SNP,25272451,PrecipitationofWettestMonth.png
SNP,43465228,SiltContent.png
SNP,44901867,MinTemperatureoftheColdestMonth.png
SNP,25270235,PrecipitationofWarmestQuarter.png
SNP,25272851,PrecipitationofDriestMonth.png
SNP,25270152,PrecipitationSeasonalityCV.png
SNP,43701407,CoarseFragments.png
SNP,25272794,SoilOrganicCarbonContent.png
SNP,44901708,BulkDensity.png
SNP,25272851,SoilOrganicCarbonContent.png
SNP,25272986,MaxTemperatureoftheWarmestMonth.png
SNP,43700361,CoarseFragments.png
SNP,43703394,PrecipitationofDriestQuarter.png
SNP,25271267,TemperatureSeasonalityStandardDeviation.png
SNP,43700554,MinTemperatureoftheColdestMonth.png
SNP,43733824,ClayContent.png
SNP,1220673,PrecipitationofDriestMonth.png
SNP,43686422,TemperatureSeasonalityStandardDeviation.png
SNP,43700977,SoilpHinH2O.png
SNP,44899405,MaxTemperatureoftheWarmestMonth.png
SNP,43733975,AvailableSoilWaterCapacity.png
SNP,25270514,AnnualTemperatureRange.png
SNP,43703171,SoilpHinH2O.png
SNP,43687438,SoilpHinH2O.png
SNP,25270238,PrecipitationofDriestQuarter.png
SNP,43463049,PrecipitationofDriestQuarter.png
SNP,43699712,SoilpHinKCl.png
SNP,43465261,PrecipitationofWarmestQuarter.png
SNP,43703394,MaxTemperatureoftheWarmestMonth.png
SNP,1221407,ClayContent.png
SNP,44899361,MeanTemperatureofWettestQuarter.png
SNP,43685249,PrecipitationofWarmestQuarter.png
SNP,43698638,BulkDensity.png
SNP,44899361,MeanTemperatureofColdestQuarter.png
SNP,43713950,MeanTemperatureofDryestQuarter.png
SNP,43699622,AnnualTemperatureRange.png
SNP,1223943,PrecipitationSeasonalityCV.png
SNP,43688876,SiltContent.png
SNP,2688234,PrecipitationofWettestQuarter.png
SNP,25272451,MeanTemperatureofDryestQuarter.png
SNP,43689049,MaxTemperatureoftheWarmestMonth.png
SNP,44902052,MeanTemperatureofColdestQuarter.png
SNP,44899474,MeanTemperatureofWettestQuarter.png
SNP,25270238,PrecipitationofWettestMonth.png
SNP,43465240,SandContent.png
SNP,44899607,AnnualTemperatureRange.png
SNP,43700999,MeanTemperatureofColdestQuarter.png
SNP,2688296,CoarseFragments.png
SNP,25269889,SaturatedWaterContent.png
SNP,43704657,AvailableSoilWaterCapacity.png
SNP,44901335,SandContent.png
SNP,25270309,BulkDensity.png
SNP,43691469,BulkDensity.png
SNP,25272825,MinTemperatureoftheColdestMonth.png
SNP,25272405,SaturatedWaterContent.png
SNP,43690042,ClayContent.png
SNP,25273024,MinTemperatureoftheColdestMonth.png
SNP,43704750,ClayContent.png
SNP,25273896,TemperatureSeasonalityStandardDeviation.png
SNP,43689709,AnnualTemperatureRange.png
SNP,43689796,MinTemperatureoftheColdestMonth.png
SNP,43699056,AnnualTemperatureRange.png
SNP,44901111,SiltContent.png
SNP,43698630,PrecipitationofWarmestQuarter.png
SNP,43701407,SoilpHinKCl.png
SNP,43689277,TemperatureSeasonalityStandardDeviation.png
SNP,25273998,CationExchangeCapacityofSoil.png
SNP,43701364,SoilOrganicCarbonContent.png
SNP,1223943,SiltContent.png
SNP,43690003,SaturatedWaterContent.png
SNP,43688343,MeanTemperatureofDryestQuarter.png
SNP,43700564,Isothermality.png
SNP,25270174,AnnualMeanTemperature.png
SNP,44901729,PrecipitationofDriestMonth.png
SNP,43689796,TemperatureSeasonalityStandardDeviation.png
SNP,25271188,Isothermality.png
SNP,25272589,BulkDensity.png
SNP,43715437,AnnualMeanDiurnalRange.png
SNP,43689976,BulkDensity.png
SNP,25270494,AnnualMeanDiurnalRange.png
SNP,25272986,AvailableSoilWaterCapacity.png
SNP,25272451,PrecipitationofColdestQuarter.png
SNP,25270330,SaturatedWaterContent.png
SNP,25270027,MinTemperatureoftheColdestMonth.png
SNP,44899394,AnnualTemperatureRange.png
SNP,43703416,MinTemperatureoftheColdestMonth.png
SNP,43715832,MeanTemperatureofDryestQuarter.png
SNP,1223934,PrecipitationofDriestQuarter.png
SNP,43687438,AnnualTemperatureRange.png
SNP,43715786,AnnualMeanDiurnalRange.png
SNP,25272360,MaxTemperatureoftheWarmestMonth.png
SNP,2688174,SoilOrganicCarbonContent.png
SNP,43701217,AnnualTemperatureRange.png
SNP,25270152,PrecipitationofDriestMonth.png
SNP,43733913,PrecipitationofColdestQuarter.png
SNP,43700229,MeanTemperatureofDryestQuarter.png
SNP,25273705,ClayContent.png
SNP,25271877,Isothermality.png
SNP,44898935,PrecipitationofWarmestQuarter.png
SNP,44901335,SiltContent.png
SNP,43691145,MeanTemperatureofDryestQuarter.png
SNP,25270129,PrecipitationofWarmestQuarter.png
SNP,25270208,MeanTemperatureofWettestQuarter.png
SNP,25274365,BulkDensity.png
SNP,1223943,PrecipitationofWarmestQuarter.png
SNP,44899474,PrecipitationofDriestQuarter.png
SNP,43703171,AnnualMeanDiurnalRange.png
SNP,25270494,PrecipitationofWettestQuarter.png
SNP,25272589,AvailableSoilWaterCapacity.png
SNP,43700554,AnnualMeanTemperature.png
SNP,43700984,PrecipitationSeasonalityCV.png
SNP,25271267,MaxTemperatureoftheWarmestMonth.png
SNP,1219145,BulkDensity.png
SNP,43686740,AvailableSoilWaterCapacity.png
SNP,25271877,SandContent.png
SNP,6782784,Isothermality.png
SNP,43714387,MeanTemperatureofDryestQuarter.png
SNP,44899394,SandContent.png
SNP,25270174,TemperatureSeasonalityStandardDeviation.png
SNP,43703416,MaxTemperatureoftheWarmestMonth.png
SNP,25270074,PrecipitationofDriestMonth.png
SNP,1220570,PrecipitationofDriestMonth.png
SNP,43685917,MinTemperatureoftheColdestMonth.png
SNP,25273330,PrecipitationofDriestQuarter.png
SNP,43703555,CationExchangeCapacityofSoil.png
SNP,25272140,SoilOrganicCarbonContent.png
SNP,43691249,MeanTemperatureofDryestQuarter.png
SNP,43685037,MinTemperatureoftheColdestMonth.png
SNP,44902052,TemperatureSeasonalityStandardDeviation.png
SNP,25272089,PrecipitationofDriestQuarter.png
SNP,43700474,AnnualMeanDiurnalRange.png
SNP,44899474,MeanTemperatureofColdestQuarter.png
SNP,43465261,SoilOrganicCarbonContent.png
SNP,25273869,MeanTemperatureofWettestQuarter.png
SNP,25272986,BulkDensity.png
SNP,25272825,AvailableSoilWaterCapacity.png
SNP,43701966,MeanTemperatureofWarmestQuarter.png
SNP,43703394,SoilpHinKCl.png
SNP,2689018,AnnualMeanDiurnalRange.png
SNP,25271812,BulkDensity.png
SNP,6782935,AnnualMeanDiurnalRange.png
SNP,25272825,MaxTemperatureoftheWarmestMonth.png
SNP,25272980,PrecipitationofWarmestQuarter.png
SNP,43701210,AnnualMeanDiurnalRange.png
SNP,1224709,MeanTemperatureofWarmestQuarter.png
SNP,43688343,AnnualTemperatureRange.png
SNP,43689786,TemperatureSeasonalityStandardDeviation.png
SNP,6780227,CoarseFragments.png
SNP,44901753,MeanTemperatureofWettestQuarter.png
SNP,43703293,MeanTemperatureofWarmestQuarter.png
SNP,43704657,ClayContent.png
SNP,43704634,AnnualTemperatureRange.png
SNP,6782784,ClayContent.png
SNP,25270536,TemperatureSeasonalityStandardDeviation.png
SNP,25272747,MinTemperatureoftheColdestMonth.png
SNP,2688296,PrecipitationofDriestQuarter.png
SNP,43699786,MinTemperatureoftheColdestMonth.png
SNP,44901867,PrecipitationofDriestMonth.png
SNP,43464036,TemperatureSeasonalityStandardDeviation.png
SNP,25272747,AnnualTemperatureRange.png
SNP,43733824,PrecipitationofDriestQuarter.png
SNP,25270309,PrecipitationofWarmestQuarter.png
SNP,44901051,MeanTemperatureofColdestQuarter.png
SNP,43700679,ClayContent.png
SNP,25272360,SoilOrganicCarbonContent.png
SNP,44898935,AnnualTemperatureRange.png
SNP,43699590,PrecipitationofWettestQuarter.png
SNP,25270208,MinTemperatureoftheColdestMonth.png
SNP,43700667,SoilpHinKCl.png
SNP,43688878,MeanTemperatureofDryestQuarter.png
SNP,43691226,MaxTemperatureoftheWarmestMonth.png
SNP,43687438,PrecipitationofDriestQuarter.png
SNP,44901111,TemperatureSeasonalityStandardDeviation.png
SNP,43690377,BulkDensity.png
SNP,43701141,AnnualTemperatureRange.png
SNP,43691106,MeanTemperatureofDryestQuarter.png
SNP,1225230,MeanTemperatureofDryestQuarter.png
SNP,43704750,MeanTemperatureofDryestQuarter.png
SNP,44899405,AnnualTemperatureRange.png
SNP,2688296,MaxTemperatureoftheWarmestMonth.png
SNP,43689233,SoilpHinH2O.png
SNP,2688296,Isothermality.png
SNP,25270074,MeanTemperatureofColdestQuarter.png
SNP,43691195,MaxTemperatureoftheWarmestMonth.png
SNP,25270174,PrecipitationSeasonalityCV.png
SNP,43686740,AnnualMeanDiurnalRange.png
SNP,44898374,ClayContent.png
SNP,43700679,AnnualMeanDiurnalRange.png
SNP,43690003,BulkDensity.png
SNP,43685037,AnnualTemperatureRange.png
SNP,43686742,AvailableSoilWaterCapacity.png
SNP,2688296,SoilOrganicCarbonContent.png
SNP,43700585,MinTemperatureoftheColdestMonth.png
SNP,44899449,TemperatureSeasonalityStandardDeviation.png
SNP,43462554,SandContent.png
SNP,44899450,AnnualTemperatureRange.png
SNP,43465214,ClayContent.png
SNP,25272140,PrecipitationofWettestMonth.png
SNP,43698638,AnnualTemperatureRange.png
SNP,44899394,SiltContent.png
SNP,44899478,PrecipitationofDriestMonth.png
SNP,43687438,BulkDensity.png
SNP,43700041,MeanTemperatureofDryestQuarter.png
SNP,43700709,AnnualMeanTemperature.png
SNP,43701050,PrecipitationSeasonalityCV.png
SNP,43690034,CoarseFragments.png
SNP,43465214,PrecipitationofWarmestQuarter.png
SNP,44897953,MeanTemperatureofWarmestQuarter.png
SNP,25270235,PrecipitationofDriestQuarter.png
SNP,44901051,MeanTemperatureofDryestQuarter.png
SNP,44901667,AnnualMeanDiurnalRange.png
SNP,25273051,TemperatureSeasonalityStandardDeviation.png
SNP,25272952,PrecipitationofDriestMonth.png
SNP,43702428,MinTemperatureoftheColdestMonth.png
SNP,1224607,CationExchangeCapacityofSoil.png
SNP,43701210,TemperatureSeasonalityStandardDeviation.png
SNP,43465214,PrecipitationofDriestMonth.png
SNP,2691074,ClayContent.png
SNP,25272951,BulkDensity.png
SNP,43689049,AnnualMeanDiurnalRange.png
SNP,25270238,AvailableSoilWaterCapacityuntilwiltingpoint.png
SNP,2691074,MeanTemperatureofDryestQuarter.png
SNP,43691106,AnnualMeanDiurnalRange.png
SNP,44901708,TemperatureSeasonalityStandardDeviation.png
SNP,43701364,BulkDensity.png
SNP,25271101,PrecipitationofDriestMonth.png
SNP,43700682,AnnualMeanDiurnalRange.png
SNP,25274590,ClayContent.png
SNP,1220457,MaxTemperatureoftheWarmestMonth.png
SNP,25273046,AvailableSoilWaterCapacity.png
SNP,44901708,MinTemperatureoftheColdestMonth.png
SNP,43691106,SaturatedWaterContent.png
SNP,6782784,CoarseFragments.png
SNP,43689709,AnnualPrecipitation.png
SNP,25272487,MeanTemperatureofColdestQuarter.png
SNP,43700554,MeanTemperatureofColdestQuarter.png
SNP,25273051,MeanTemperatureofColdestQuarter.png
SNP,43698638,PrecipitationofDriestQuarter.png
SNP,43691249,TemperatureSeasonalityStandardDeviation.png
SNP,43726083,MeanTemperatureofDryestQuarter.png
SNP,25270027,MeanTemperatureofColdestQuarter.png
SNP,6780227,SaturatedWaterContent.png
SNP,44899478,MinTemperatureoftheColdestMonth.png
SNP,43700605,PrecipitationSeasonalityCV.png
SNP,43690042,PrecipitationofWettestMonth.png
SNP,43685037,MeanTemperatureofColdestQuarter.png
SNP,43687814,Isothermality.png
SNP,25270376,MeanTemperatureofWarmestQuarter.png
SNP,43703361,MeanTemperatureofColdestQuarter.png
SNP,43703171,SoilpHinKCl.png
SNP,25272451,MeanTemperatureofColdestQuarter.png
SNP,25272952,Isothermality.png
SNP,1223934,MeanTemperatureofColdestQuarter.png
SNP,43727474,MeanTemperatureofWarmestQuarter.png
SNP,43701351,CoarseFragments.png
SNP,43729050,MeanTemperatureofWettestQuarter.png
SNP,43734006,PrecipitationofDriestMonth.png
SNP,43700711,MinTemperatureoftheColdestMonth.png
SNP,43699517,AnnualTemperatureRange.png
SNP,25273707,PrecipitationofWarmestQuarter.png
SNP,25270027,TemperatureSeasonalityStandardDeviation.png
SNP,44901111,SandContent.png
SNP,25270152,PrecipitationofDriestQuarter.png
SNP,43701955,SoilpHinH2O.png
SNP,43699525,PrecipitationSeasonalityCV.png
SNP,2691074,BulkDensity.png
SNP,43698630,PrecipitationofDriestQuarter.png
SNP,43700679,MinTemperatureoftheColdestMonth.png
SNP,43715786,CoarseFragments.png
SNP,25272451,PrecipitationSeasonalityCV.png
SNP,43686740,MaxTemperatureoftheWarmestMonth.png
SNP,25271812,PrecipitationofWarmestQuarter.png
SNP,43715832,MeanTemperatureofWettestQuarter.png
SNP,25270494,TemperatureSeasonalityStandardDeviation.png
SNP,6780227,PrecipitationofWettestMonth.png
SNP,43463049,PrecipitationofColdestQuarter.png
SNP,43700977,MeanTemperatureofWarmestQuarter.png
SNP,1224709,PrecipitationofWettestQuarter.png
SNP,1226005,MeanTemperatureofWarmestQuarter.png
SNP,25274368,PrecipitationofDriestMonth.png
SNP,43460149,ClayContent.png
SNP,43460149,AvailableSoilWaterCapacity.png
SNP,44900875,SoilOrganicCarbonContent.png
SNP,44898935,SiltContent.png
SNP,1221407,CationExchangeCapacityofSoil.png
SNP,25270309,AvailableSoilWaterCapacity.png
SNP,43701955,SoilpHinKCl.png
SNP,43703416,PrecipitationofWarmestQuarter.png
SNP,43465158,PrecipitationofWarmestQuarter.png
SNP,6780989,PrecipitationofDriestMonth.png
SNP,25272986,MinTemperatureoftheColdestMonth.png
SNP,43687438,MaxTemperatureoftheWarmestMonth.png
SNP,2691074,SandContent.png
SNP,43700126,AvailableSoilWaterCapacity.png
SNP,43714008,MeanTemperatureofDryestQuarter.png
SNP,44898935,TemperatureSeasonalityStandardDeviation.png
SNP,43700682,MaxTemperatureoftheWarmestMonth.png
SNP,43702428,AnnualMeanDiurnalRange.png
SNP,43690042,SoilpHinKCl.png
SNP,43728066,AvailableSoilWaterCapacity.png
SNP,43700708,AnnualMeanDiurnalRange.png
SNP,25273046,AnnualMeanDiurnalRange.png
SNP,43691106,SoilpHinKCl.png
SNP,43460149,MaxTemperatureoftheWarmestMonth.png
SNP,1220361,PrecipitationofDriestQuarter.png
SNP,43701210,AnnualTemperatureRange.png
SNP,43688878,SoilpHinKCl.png
SNP,43688025,MinTemperatureoftheColdestMonth.png
SNP,44899361,MaxTemperatureoftheWarmestMonth.png
SNP,43733787,MeanTemperatureofDryestQuarter.png
SNP,43700682,CoarseFragments.png
SNP,6782784,MeanTemperatureofWarmestQuarter.png
SNP,2689018,MeanTemperatureofWarmestQuarter.png
SNP,25271573,Isothermality.png
SNP,25270215,PrecipitationofDriestMonth.png
SNP,43460437,PrecipitationofDriestMonth.png
SNP,43733975,ClayContent.png
SNP,43691106,SoilpHinH2O.png
SNP,43460437,PrecipitationofDriestQuarter.png
SNP,44899980,PrecipitationofDriestMonth.png
SNP,43691145,PrecipitationofDriestMonth.png
SNP,43704750,SoilpHinH2O.png
SNP,43699104,MeanTemperatureofWarmestQuarter.png
SNP,43728066,PrecipitationofDriestQuarter.png
SNP,2689018,MaxTemperatureoftheWarmestMonth.png
SNP,25272592,AvailableSoilWaterCapacity.png
SNP,25270174,Isothermality.png
SNP,43699590,PrecipitationSeasonalityCV.png
SNP,43700554,CationExchangeCapacityofSoil.png
SNP,44901649,MeanTemperatureofColdestQuarter.png
SNP,43691589,CoarseFragments.png
SNP,44899446,MinTemperatureoftheColdestMonth.png
SNP,43713903,MaxTemperatureoftheWarmestMonth.png
SNP,25270212,SaturatedWaterContent.png
SNP,25272405,PrecipitationofDriestMonth.png
SNP,43462554,PrecipitationofWarmestQuarter.png
SNP,44901667,SiltContent.png
SNP,43687942,AnnualMeanDiurnalRange.png
SNP,2688028,CoarseFragments.png
SNP,25270330,Isothermality.png
SNP,25271443,Isothermality.png
SNP,43686422,AnnualTemperatureRange.png
SNP,43691145,PrecipitationofWettestQuarter.png
SNP,25271877,PrecipitationofDriestQuarter.png
SNP,25271443,AvailableSoilWaterCapacity.png
SNP,2687823,PrecipitationofColdestQuarter.png
SNP,2689020,MeanTemperatureofWarmestQuarter.png
SNP,1225593,Isothermality.png
SNP,43698630,PrecipitationofDriestMonth.png
SNP,1223934,AnnualTemperatureRange.png
SNP,2688234,Isothermality.png
SNP,44901862,MeanTemperatureofColdestQuarter.png
SNP,43702891,SoilpHinH2O.png
SNP,43689277,MinTemperatureoftheColdestMonth.png
SNP,44901708,SiltContent.png
SNP,43700667,SoilpHinH2O.png
SNP,25271443,PrecipitationofWarmestQuarter.png
SNP,43691106,MaxTemperatureoftheWarmestMonth.png
SNP,43704657,BulkDensity.png
SNP,25270208,MeanTemperatureofColdestQuarter.png
SNP,43700984,PrecipitationofWarmestQuarter.png
SNP,43712698,MeanTemperatureofDryestQuarter.png
SNP,2688028,PrecipitationofDriestQuarter.png
SNP,44901708,AnnualTemperatureRange.png
SNP,25270174,PrecipitationofDriestQuarter.png
SNP,1220361,SoilOrganicCarbonContent.png
SNP,44897953,AnnualMeanTemperature.png
SNP,43703171,MinTemperatureoftheColdestMonth.png
SNP,2688147,SoilOrganicCarbonContent.png
SNP,43691106,AnnualPrecipitation.png
SNP,43688597,TemperatureSeasonalityStandardDeviation.png
SNP,25273024,Isothermality.png
SNP,43690377,SoilpHinH2O.png
SNP,1220673,PrecipitationofDriestQuarter.png
SNP,43700474,TemperatureSeasonalityStandardDeviation.png
SNP,43689709,TemperatureSeasonalityStandardDeviation.png
SNP,44901111,MeanTemperatureofWettestQuarter.png
SNP,25273051,MeanTemperatureofDryestQuarter.png
SNP,43689709,MeanTemperatureofDryestQuarter.png
SNP,43465082,MaxTemperatureoftheWarmestMonth.png
SNP,43698630,SaturatedWaterContent.png
SNP,43713875,MeanTemperatureofDryestQuarter.png
SNP,25271472,TemperatureSeasonalityStandardDeviation.png
SNP,44901753,PrecipitationofWarmestQuarter.png
SNP,43463049,PrecipitationofDriestMonth.png
SNP,44901753,PrecipitationofDriestQuarter.png
SNP,25270192,PrecipitationofDriestQuarter.png
SNP,1220457,PrecipitationofDriestMonth.png
SNP,25273329,PrecipitationofWarmestQuarter.png
SNP,2688147,SoilpHinH2O.png
SNP,43690024,MeanTemperatureofDryestQuarter.png
SNP,25273424,BulkDensity.png
SNP,25271365,TemperatureSeasonalityStandardDeviation.png
SNP,43685249,SoilpHinH2O.png
SNP,43701210,MinTemperatureoftheColdestMonth.png
SNP,25271082,PrecipitationofWarmestQuarter.png
SNP,43462970,PrecipitationofDriestMonth.png
SNP,43698407,MeanTemperatureofDryestQuarter.png
SNP,43700977,MeanTemperatureofDryestQuarter.png
SNP,43700222,AnnualMeanDiurnalRange.png
SNP,43728066,SaturatedWaterContent.png
SNP,2688028,Isothermality.png
SNP,43464036,SandContent.png
SNP,43714169,AnnualMeanDiurnalRange.png
SNP,25274365,PrecipitationofWarmestQuarter.png
SNP,43701020,PrecipitationSeasonalityCV.png
SNP,43701771,Isothermality.png
SNP,43728066,PrecipitationofWettestQuarter.png
SNP,25272952,MeanTemperatureofWarmestQuarter.png
SNP,43690042,PrecipitationofColdestQuarter.png
SNP,25270183,SiltContent.png
SNP,25272794,AnnualMeanTemperature.png
SNP,25270069,PrecipitationofDriestMonth.png
SNP,43698638,PrecipitationofDriestMonth.png
SNP,25272851,MaxTemperatureoftheWarmestMonth.png
SNP,43699082,MeanTemperatureofColdestQuarter.png
SNP,1223934,TemperatureSeasonalityStandardDeviation.png
SNP,43690034,MeanTemperatureofDryestQuarter.png
SNP,2688174,SaturatedWaterContent.png
SNP,43698974,MinTemperatureoftheColdestMonth.png
SNP,43687438,AvailableSoilWaterCapacity.png
SNP,44899474,AnnualMeanTemperature.png
SNP,44899607,SiltContent.png
SNP,43733787,PrecipitationofDriestQuarter.png
SNP,25270238,BulkDensity.png
SNP,43728066,PrecipitationofWarmestQuarter.png
SNP,43687942,AnnualTemperatureRange.png
SNP,25270458,SoilpHinKCl.png
SNP,43699786,SoilpHinKCl.png
SNP,2689185,ClayContent.png
SNP,43728066,SoilpHinH2O.png
SNP,43462554,PrecipitationSeasonalityCV.png
SNP,6782784,SoilpHinKCl.png
SNP,43713950,SoilpHinH2O.png
SNP,43715786,BulkDensity.png
SNP,44899449,SiltContent.png
SNP,43689277,SoilpHinKCl.png
SNP,43714264,MeanTemperatureofWettestQuarter.png
SNP,43690034,AnnualMeanTemperature.png
SNP,44899394,PrecipitationofDriestMonth.png
SNP,25272361,AnnualMeanDiurnalRange.png
SNP,1224607,PrecipitationofColdestQuarter.png
SNP,1224607,PrecipitationofWettestMonth.png
SNP,25272747,MeanTemperatureofColdestQuarter.png
SNP,44901708,PrecipitationSeasonalityCV.png
SNP,43703416,MeanTemperatureofWarmestQuarter.png
SNP,25270234,PrecipitationofDriestQuarter.png
SNP,43701364,Isothermality.png
SNP,25272794,SaturatedWaterContent.png
SNP,25270494,SoilpHinKCl.png
SNP,44899405,MeanTemperatureofColdestQuarter.png
SNP,43460861,SiltContent.png
SNP,2688278,AnnualMeanDiurnalRange.png
SNP,43689976,PrecipitationofWarmestQuarter.png
SNP,43704750,SoilpHinKCl.png
SNP,43704663,MeanTemperatureofDryestQuarter.png
SNP,25272589,PrecipitationofWarmestQuarter.png
SNP,6782050,SoilpHinKCl.png
SNP,43687942,TemperatureSeasonalityStandardDeviation.png
SNP,43699622,MaxTemperatureoftheWarmestMonth.png
SNP,25272592,MeanTemperatureofDryestQuarter.png
SNP,43733975,PrecipitationofDriestQuarter.png
SNP,25272592,MaxTemperatureoftheWarmestMonth.png
SNP,1219145,PrecipitationofWarmestQuarter.png
SNP,44899450,PrecipitationofDriestMonth.png
SNP,2688028,AnnualMeanDiurnalRange.png
SNP,1223934,MinTemperatureoftheColdestMonth.png
SNP,25270215,PrecipitationofWarmestQuarter.png
SNP,43465073,CationExchangeCapacityofSoil.png
SNP,2688278,SaturatedWaterContent.png
SNP,2689018,SoilOrganicCarbonContent.png
SNP,25272487,PrecipitationSeasonalityCV.png
SNP,25272951,AnnualMeanTemperature.png
SNP,6782935,MeanTemperatureofWettestQuarter.png
SNP,25271877,MeanTemperatureofColdestQuarter.png
SNP,43465085,Isothermality.png
SNP,25272405,SoilOrganicCarbonContent.png
SNP,25270027,PrecipitationofWarmestQuarter.png
SNP,43700671,AnnualMeanDiurnalRange.png
SNP,2688296,SaturatedWaterContent.png
SNP,43699396,MeanTemperatureofColdestQuarter.png
SNP,43699711,Isothermality.png
SNP,44899325,PrecipitationofDriestMonth.png
SNP,43700679,TemperatureSeasonalityStandardDeviation.png
SNP,25272589,PrecipitationofDriestQuarter.png
SNP,43700126,ClayContent.png
SNP,25273330,PrecipitationofWarmestQuarter.png
SNP,43465214,PrecipitationofDriestQuarter.png
SNP,43686742,Isothermality.png
SNP,43702891,TemperatureSeasonalityStandardDeviation.png
SNP,1223485,MeanTemperatureofColdestQuarter.png
SNP,43690042,AnnualPrecipitation.png
SNP,25270073,AnnualMeanTemperature.png
SNP,25272951,Isothermality.png
SNP,44899607,SandContent.png
SNP,25272952,SaturatedWaterContent.png
SNP,43700949,MeanTemperatureofDryestQuarter.png
SNP,43690377,AnnualMeanDiurnalRange.png
SNP,25272952,MaxTemperatureoftheWarmestMonth.png
SNP,43691589,AnnualMeanTemperature.png
SNP,25273705,AnnualTemperatureRange.png
SNP,43700166,TemperatureSeasonalityStandardDeviation.png
SNP,43691145,MaxTemperatureoftheWarmestMonth.png
SNP,25270914,AnnualMeanDiurnalRange.png
SNP,44901051,SiltContent.png
SNP,1220457,BulkDensity.png
SNP,43699846,Isothermality.png
SNP,43700671,Isothermality.png
SNP,44901649,MeanTemperatureofWettestQuarter.png
SNP,43703416,MeanTemperatureofDryestQuarter.png
SNP,2689020,AnnualTemperatureRange.png
SNP,25270192,PrecipitationofDriestMonth.png
SNP,43462554,MinTemperatureoftheColdestMonth.png
SNP,25273705,SoilpHinH2O.png
SNP,43713903,SoilpHinKCl.png
SNP,43701407,TemperatureSeasonalityStandardDeviation.png
SNP,25272451,CationExchangeCapacityofSoil.png
SNP,43701673,SoilpHinH2O.png
SNP,43727474,TemperatureSeasonalityStandardDeviation.png
SNP,25270914,PrecipitationofWarmestQuarter.png
SNP,43715832,TemperatureSeasonalityStandardDeviation.png
SNP,25272980,MaxTemperatureoftheWarmestMonth.png
SNP,43704663,SoilpHinKCl.png
SNP,43464036,AvailableSoilWaterCapacity.png
SNP,25272589,PrecipitationofDriestMonth.png
SNP,2688174,SoilpHinH2O.png
SNP,43687814,PrecipitationofDriestQuarter.png
SNP,1223943,PrecipitationofDriestQuarter.png
SNP,25270914,PrecipitationofDriestQuarter.png
SNP,1223485,Isothermality.png
SNP,44901051,SandContent.png
SNP,43699082,MinTemperatureoftheColdestMonth.png
SNP,43733975,MeanTemperatureofDryestQuarter.png
SNP,43704657,TemperatureSeasonalityStandardDeviation.png
SNP,25270525,MeanTemperatureofColdestQuarter.png
SNP,43728066,Isothermality.png
SNP,25272986,SoilpHinH2O.png
SNP,25273869,CationExchangeCapacityofSoil.png
SNP,43726083,MeanTemperatureofWettestQuarter.png
SNP,25270152,PrecipitationofWarmestQuarter.png
SNP,44901708,AnnualPrecipitation.png
SNP,43704657,AnnualMeanDiurnalRange.png
SNP,25272951,SaturatedWaterContent.png
SNP,44898374,TemperatureSeasonalityStandardDeviation.png
SNP,44899607,AvailableSoilWaterCapacityuntilwiltingpoint.png
SNP,43691097,SaturatedWaterContent.png
SNP,43702891,MeanTemperatureofDryestQuarter.png
SNP,43685917,TemperatureSeasonalityStandardDeviation.png
SNP,25270531,TemperatureSeasonalityStandardDeviation.png
SNP,43713875,AnnualTemperatureRange.png
SNP,44901862,MinTemperatureoftheColdestMonth.png
SNP,2689185,AnnualTemperatureRange.png
SNP,25271267,AnnualTemperatureRange.png
SNP,6782784,MaxTemperatureoftheWarmestMonth.png
SNP,2688278,MaxTemperatureoftheWarmestMonth.png
SNP,25271812,SaturatedWaterContent.png
SNP,2688296,SoilpHinKCl.png
SNP,43462554,AnnualMeanTemperature.png
SNP,43699082,PrecipitationSeasonalityCV.png
SNP,25273578,TemperatureSeasonalityStandardDeviation.png
SNP,43691195,MeanTemperatureofDryestQuarter.png
SNP,44901729,AnnualPrecipitation.png
SNP,43713875,TemperatureSeasonalityStandardDeviation.png
SNP,1220673,PrecipitationSeasonalityCV.png
SNP,1220457,AnnualMeanTemperature.png
SNP,25271302,MinTemperatureoftheColdestMonth.png
SNP,43687814,AvailableSoilWaterCapacity.png
SNP,43701364,SaturatedWaterContent.png
SNP,43700222,AnnualTemperatureRange.png
SNP,25274365,PrecipitationofDriestMonth.png
SNP,2687814,PrecipitationofDriestMonth.png
SNP,25271267,MeanTemperatureofWettestQuarter.png
SNP,43704684,Isothermality.png
SNP,43690073,MeanTemperatureofDryestQuarter.png
SNP,1220542,SandContent.png
SNP,44900753,PrecipitationofDriestMonth.png
SNP,43703555,MeanTemperatureofDryestQuarter.png
SNP,43704750,AnnualTemperatureRange.png
SNP,43704657,MinTemperatureoftheColdestMonth.png
SNP,25272747,MeanTemperatureofWettestQuarter.png
SNP,43700917,AnnualMeanDiurnalRange.png
SNP,6782935,MaxTemperatureoftheWarmestMonth.png
SNP,25272487,MeanTemperatureofWettestQuarter.png
SNP,25273998,PrecipitationofWettestMonth.png
SNP,25273024,PrecipitationSeasonalityCV.png
SNP,44899394,TemperatureSeasonalityStandardDeviation.png
SNP,1220570,PrecipitationofDriestQuarter.png
SNP,44898935,AnnualMeanTemperature.png
SNP,1219145,AnnualMeanTemperature.png
SNP,25272851,MeanTemperatureofWarmestQuarter.png
SNP,43687438,SaturatedWaterContent.png
SNP,1223485,MinTemperatureoftheColdestMonth.png
SNP,25272794,BulkDensity.png
SNP,43690034,SoilpHinH2O.png
SNP,25271443,AnnualMeanDiurnalRange.png
SNP,43714298,CoarseFragments.png
SNP,25270073,PrecipitationofDriestQuarter.png
SNP,43701407,PrecipitationofWettestMonth.png
SNP,2688174,AnnualPrecipitation.png
SNP,43713875,MeanTemperatureofWettestQuarter.png
SNP,43700626,MeanTemperatureofWarmestQuarter.png
SNP,43698638,AnnualMeanDiurnalRange.png
SNP,1220361,PrecipitationofDriestMonth.png
SNP,6780227,AnnualTemperatureRange.png
SNP,2688028,AnnualPrecipitation.png
SNP,43715605,AnnualMeanDiurnalRange.png
SNP,43699590,MinTemperatureoftheColdestMonth.png
SNP,2689018,BulkDensity.png
SNP,1219145,PrecipitationofDriestMonth.png
SNP,43691097,AnnualMeanDiurnalRange.png
SNP,25272747,ClayContent.png
SNP,43733630,MeanTemperatureofDryestQuarter.png
SNP,1223943,PrecipitationofDriestMonth.png
SNP,43690034,SoilpHinKCl.png
SNP,25273051,SoilpHinH2O.png
SNP,25273051,AnnualTemperatureRange.png
SNP,43690003,AnnualMeanDiurnalRange.png
SNP,43733974,PrecipitationofDriestQuarter.png
SNP,43691195,MeanTemperatureofWarmestQuarter.png
SNP,43691106,BulkDensity.png
SNP,43699082,MeanTemperatureofDryestQuarter.png
SNP,43701412,MeanTemperatureofWarmestQuarter.png
SNP,6780989,SiltContent.png
SNP,44899478,MeanTemperatureofWettestQuarter.png
SNP,25270152,AnnualMeanTemperature.png
SNP,25272825,SandContent.png
SNP,44897953,PrecipitationSeasonalityCV.png
SNP,6780227,PrecipitationofDriestQuarter.png
SNP,6780227,PrecipitationofWarmestQuarter.png
SNP,43703394,BulkDensity.png
SNP,25272361,ClayContent.png
SNP,43713306,PrecipitationofWarmestQuarter.png
SNP,43701050,PrecipitationofWettestMonth.png
SNP,25271101,MaxTemperatureoftheWarmestMonth.png
SNP,44901051,AnnualTemperatureRange.png
SNP,43685249,AnnualMeanDiurnalRange.png
SNP,43699622,AnnualMeanDiurnalRange.png
SNP,25273046,ClayContent.png
SNP,44899607,CationExchangeCapacityofSoil.png
SNP,43689976,SoilpHinKCl.png
SNP,43690003,AnnualTemperatureRange.png
SNP,44901777,PrecipitationofDriestMonth.png
SNP,6780227,SoilOrganicCarbonContent.png
SNP,43704657,SoilpHinH2O.png
SNP,43690073,TemperatureSeasonalityStandardDeviation.png
SNP,43460437,PrecipitationofWarmestQuarter.png
SNP,43703361,AnnualMeanTemperature.png
SNP,44899296,SiltContent.png
SNP,25274368,SaturatedWaterContent.png
SNP,25270074,SaturatedWaterContent.png
SNP,25270309,Isothermality.png
SNP,43462970,MeanTemperatureofWettestQuarter.png
SNP,43465101,ClayContent.png
SNP,43733787,PrecipitationofWarmestQuarter.png
SNP,43715628,MeanTemperatureofDryestQuarter.png
SNP,25273051,AnnualMeanDiurnalRange.png
SNP,43689796,SoilpHinKCl.png
SNP,43685249,SoilOrganicCarbonContent.png
SNP,25273024,AnnualMeanTemperature.png
SNP,1220251,SandContent.png
SNP,43699786,AnnualMeanDiurnalRange.png
SNP,43699082,MeanTemperatureofWarmestQuarter.png
SNP,2689020,AnnualMeanDiurnalRange.png
SNP,25273424,PrecipitationofWarmestQuarter.png
SNP,44901753,PrecipitationSeasonalityCV.png
SNP,43700709,AnnualTemperatureRange.png
SNP,1220006,PrecipitationofDriestMonth.png
SNP,2688234,AnnualPrecipitation.png
SNP,25272747,MaxTemperatureoftheWarmestMonth.png
SNP,43701210,SoilpHinH2O.png
SNP,25272951,AnnualMeanDiurnalRange.png
SNP,25274365,PrecipitationofDriestQuarter.png
SNP,43687814,PrecipitationofDriestMonth.png
SNP,25272360,PrecipitationofDriestQuarter.png
SNP,44899422,MeanTemperatureofColdestQuarter.png
SNP,25272360,PrecipitationofWarmestQuarter.png
SNP,43714250,CationExchangeCapacityofSoil.png
SNP,25270914,SaturatedWaterContent.png
SNP,43700785,MaxTemperatureoftheWarmestMonth.png
SNP,25270238,SaturatedWaterContent.png
SNP,25270074,PrecipitationofDriestQuarter.png
SNP,44899296,PrecipitationofDriestMonth.png
SNP,43465102,PrecipitationofWettestQuarter.png
SNP,43701141,MeanTemperatureofColdestQuarter.png
SNP,43700679,SoilpHinKCl.png
SNP,43691106,TemperatureSeasonalityStandardDeviation.png
SNP,43690042,SandContent.png
SNP,43689049,AnnualTemperatureRange.png
SNP,1220457,SoilOrganicCarbonContent.png
SNP,44899607,MeanTemperatureofDryestQuarter.png
SNP,43712414,MeanTemperatureofDryestQuarter.png
SNP,1223934,SoilpHinH2O.png
SNP,25271484,PrecipitationSeasonalityCV.png
SNP,44897624,SoilpHinKCl.png
SNP,43700474,AnnualTemperatureRange.png
SNP,43687814,MaxTemperatureoftheWarmestMonth.png
SNP,25270183,PrecipitationofDriestQuarter.png
SNP,43715786,Isothermality.png
SNP,25270152,BulkDensity.png
SNP,6782935,SoilpHinKCl.png
SNP,25272986,MeanTemperatureofColdestQuarter.png
SNP,43703416,SoilOrganicCarbonContent.png
SNP,25272825,AnnualTemperatureRange.png
SNP,43691145,SoilpHinH2O.png
SNP,43714264,TemperatureSeasonalityStandardDeviation.png
SNP,44902052,AnnualTemperatureRange.png
SNP,25273578,AnnualMeanDiurnalRange.png
SNP,44901957,AvailableSoilWaterCapacityuntilwiltingpoint.png
SNP,25270073,SaturatedWaterContent.png
SNP,43701141,MinTemperatureoftheColdestMonth.png
SNP,43701850,AnnualMeanDiurnalRange.png
SNP,25270074,AnnualMeanTemperature.png
SNP,2691074,MeanTemperatureofWarmestQuarter.png
SNP,25272451,AnnualMeanTemperature.png
SNP,43690377,AnnualTemperatureRange.png
SNP,43465101,AvailableSoilWaterCapacity.png
SNP,25272589,MaxTemperatureoftheWarmestMonth.png
SNP,43700933,Isothermality.png
SNP,43700605,MeanTemperatureofDryestQuarter.png
SNP,43699711,AnnualMeanDiurnalRange.png
SNP,25272140,AnnualMeanDiurnalRange.png
SNP,43704663,AnnualPrecipitation.png
SNP,25273323,PrecipitationofDriestQuarter.png
SNP,43463049,PrecipitationofWarmestQuarter.png
SNP,43701364,AnnualTemperatureRange.png
SNP,43689233,AnnualPrecipitation.png
SNP,43460149,TemperatureSeasonalityStandardDeviation.png
SNP,43699786,SoilpHinH2O.png
SNP,43733974,AvailableSoilWaterCapacity.png
SNP,25270152,MinTemperatureoftheColdestMonth.png
SNP,43688878,MeanTemperatureofWarmestQuarter.png
SNP,44899361,AnnualTemperatureRange.png
SNP,43700585,MeanTemperatureofColdestQuarter.png
SNP,1220457,PrecipitationSeasonalityCV.png
SNP,43700166,MinTemperatureoftheColdestMonth.png
SNP,25272747,AnnualMeanDiurnalRange.png
SNP,25270174,PrecipitationofDriestMonth.png
SNP,25273046,SoilpHinKCl.png
SNP,44897624,SoilpHinH2O.png
SNP,2688174,MeanTemperatureofWarmestQuarter.png
SNP,25272451,MeanTemperatureofWarmestQuarter.png
SNP,43701872,AvailableSoilWaterCapacity.png
SNP,25270494,MaxTemperatureoftheWarmestMonth.png
SNP,43689277,AnnualTemperatureRange.png
SNP,1220570,PrecipitationSeasonalityCV.png
SNP,1223485,PrecipitationofDriestQuarter.png
SNP,43701872,MeanTemperatureofDryestQuarter.png
SNP,43700708,AnnualTemperatureRange.png
SNP,1221407,SandContent.png
SNP,6782050,BulkDensity.png
SNP,44901111,AvailableSoilWaterCapacityuntilwiltingpoint.png
SNP,44899478,TemperatureSeasonalityStandardDeviation.png
SNP,1225390,SiltContent.png
SNP,44901867,MeanTemperatureofWettestQuarter.png
SNP,43685249,PrecipitationofDriestMonth.png
SNP,43464036,AnnualMeanDiurnalRange.png
SNP,43699590,MeanTemperatureofColdestQuarter.png
SNP,2691128,MaxTemperatureoftheWarmestMonth.png
SNP,2688028,BulkDensity.png
SNP,25271065,PrecipitationofDriestMonth.png
SNP,43704634,TemperatureSeasonalityStandardDeviation.png
SNP,25271082,MeanTemperatureofDryestQuarter.png
SNP,43712982,AnnualPrecipitation.png
SNP,43701141,AnnualMeanDiurnalRange.png
SNP,43689976,AvailableSoilWaterCapacity.png
SNP,25273051,MaxTemperatureoftheWarmestMonth.png
SNP,25274347,PrecipitationofDriestMonth.png
SNP,43703416,TemperatureSeasonalityStandardDeviation.png
SNP,25274606,ClayContent.png
SNP,44902052,PrecipitationofDriestMonth.png
SNP,43689976,TemperatureSeasonalityStandardDeviation.png
SNP,43686740,Isothermality.png
SNP,43465261,PrecipitationofDriestQuarter.png
SNP,44901667,SandContent.png
SNP,2689020,BulkDensity.png
SNP,43701407,MeanTemperatureofWarmestQuarter.png
SNP,43701111,AnnualMeanTemperature.png
SNP,43703555,AvailableSoilWaterCapacityuntilwiltingpoint.png
SNP,25272651,SoilpHinH2O.png
SNP,25272986,AnnualMeanDiurnalRange.png
SNP,1223485,MaxTemperatureoftheWarmestMonth.png
SNP,43701293,PrecipitationSeasonalityCV.png
SNP,43704663,TemperatureSeasonalityStandardDeviation.png
SNP,43701217,AnnualMeanDiurnalRange.png
SNP,25270534,PrecipitationofColdestQuarter.png
SNP,43701111,MeanTemperatureofDryestQuarter.png
SNP,43715605,MaxTemperatureoftheWarmestMonth.png
SNP,43687438,PrecipitationofDriestMonth.png
SNP,25270309,AnnualMeanDiurnalRange.png
SNP,43691145,BulkDensity.png
SNP,43701210,SoilpHinKCl.png
SNP,1220964,Isothermality.png
SNP,44901111,ClayContent.png
SNP,43699590,SoilpHinKCl.png
SNP,43699396,MinTemperatureoftheColdestMonth.png
SNP,25270073,MinTemperatureoftheColdestMonth.png
SNP,43701407,MeanTemperatureofWettestQuarter.png
SNP,43464036,AnnualTemperatureRange.png
SNP,43701364,AnnualMeanDiurnalRange.png
SNP,25271877,MeanTemperatureofDryestQuarter.png
SNP,43733824,MeanTemperatureofDryestQuarter.png
SNP,2688028,PrecipitationofDriestMonth.png
SNP,2688278,SoilpHinKCl.png
SNP,25270073,CoarseFragments.png
SNP,2689185,AvailableSoilWaterCapacity.png
SNP,43691097,SoilpHinKCl.png
SNP,43699712,MeanTemperatureofColdestQuarter.png
SNP,25272140,BulkDensity.png
SNP,43691106,SoilOrganicCarbonContent.png
SNP,43733913,PrecipitationofWettestQuarter.png
SNP,25272487,AnnualTemperatureRange.png
SNP,43700709,MinTemperatureoftheColdestMonth.png
SNP,43687814,BulkDensity.png
SNP,43728007,PrecipitationofWettestMonth.png
SNP,43701673,MeanTemperatureofWarmestQuarter.png
SNP,2688278,AnnualMeanTemperature.png
SNP,25270074,BulkDensity.png
SNP,25272592,MinTemperatureoftheColdestMonth.png
SNP,43703171,MaxTemperatureoftheWarmestMonth.png
SNP,44901753,AnnualMeanTemperature.png
SNP,1223934,Isothermality.png
SNP,2689018,SoilpHinH2O.png
SNP,2691074,AnnualTemperatureRange.png
SNP,43690003,Isothermality.png
SNP,43462923,AnnualMeanTemperature.png
SNP,43700585,SoilpHinH2O.png
SNP,25270260,AvailableSoilWaterCapacityuntilwiltingpoint.png
SNP,43687814,PrecipitationofWarmestQuarter.png
SNP,43691589,MinTemperatureoftheColdestMonth.png
SNP,43700711,TemperatureSeasonalityStandardDeviation.png
SNP,1220570,MeanTemperatureofDryestQuarter.png
SNP,25272589,AnnualMeanDiurnalRange.png
SNP,43699786,AnnualPrecipitation.png
SNP,25273046,MeanTemperatureofColdestQuarter.png
SNP,43688878,AnnualMeanDiurnalRange.png
SNP,43685249,BulkDensity.png
SNP,25273869,MinTemperatureoftheColdestMonth.png
SNP,43691226,AnnualMeanDiurnalRange.png
SNP,44902052,AnnualMeanDiurnalRange.png
SNP,43703171,AnnualPrecipitation.png
SNP,43699712,TemperatureSeasonalityStandardDeviation.png
SNP,43691145,TemperatureSeasonalityStandardDeviation.png
SNP,43691097,PrecipitationofDriestQuarter.png
SNP,43691469,AnnualMeanDiurnalRange.png
SNP,44901667,PrecipitationofDriestMonth.png
SNP,43690024,MeanTemperatureofWarmestQuarter.png
SNP,43462554,TemperatureSeasonalityStandardDeviation.png
SNP,43726083,TemperatureSeasonalityStandardDeviation.png
SNP,25272361,PrecipitationofDriestMonth.png
SNP,43733787,PrecipitationSeasonalityCV.png
SNP,25272651,SandContent.png
SNP,25270525,MinTemperatureoftheColdestMonth.png
SNP,44901051,AvailableSoilWaterCapacityuntilwiltingpoint.png
SNP,25272794,PrecipitationofDriestMonth.png
SNP,43700474,MinTemperatureoftheColdestMonth.png
SNP,44899405,TemperatureSeasonalityStandardDeviation.png
SNP,43690034,MeanTemperatureofWarmestQuarter.png
SNP,44899422,MeanTemperatureofWettestQuarter.png
SNP,43460971,SiltContent.png
SNP,43701111,MeanTemperatureofColdestQuarter.png
SNP,44898935,MeanTemperatureofColdestQuarter.png
SNP,44901867,MeanTemperatureofColdestQuarter.png
SNP,1220006,PrecipitationofWarmestQuarter.png
SNP,43701872,MaxTemperatureoftheWarmestMonth.png
SNP,25270192,MeanTemperatureofColdestQuarter.png
SNP,2691074,CoarseFragments.png
SNP,2688278,SoilpHinH2O.png
SNP,25272361,MaxTemperatureoftheWarmestMonth.png
SNP,43701217,PrecipitationofDriestMonth.png
SNP,25272747,TemperatureSeasonalityStandardDeviation.png
SNP,25272794,Isothermality.png
SNP,44901649,AnnualTemperatureRange.png
SNP,43698638,SaturatedWaterContent.png
SNP,43691195,SoilpHinH2O.png
SNP,25273051,MeanTemperatureofWarmestQuarter.png
SNP,44899450,SiltContent.png
SNP,25270174,MeanTemperatureofColdestQuarter.png
SNP,25270914,BulkDensity.png
SNP,25270209,ClayContent.png
SNP,1223943,PrecipitationofColdestQuarter.png
SNP,25272451,PrecipitationofDriestQuarter.png
SNP,44899474,AnnualTemperatureRange.png
SNP,44899422,AnnualTemperatureRange.png
SNP,43715832,AnnualTemperatureRange.png
SNP,25273024,PrecipitationofDriestQuarter.png
SNP,25272794,PrecipitationofWarmestQuarter.png
SNP,25271065,PrecipitationofDriestQuarter.png
SNP,44901111,CationExchangeCapacityofSoil.png
SNP,43688876,SoilpHinH2O.png
SNP,43701257,Isothermality.png
SNP,43689786,MeanTemperatureofDryestQuarter.png
SNP,25272951,MeanTemperatureofWarmestQuarter.png
SNP,25273046,MinTemperatureoftheColdestMonth.png
SNP,43728007,PrecipitationofWettestQuarter.png
SNP,44898935,AnnualMeanDiurnalRange.png
SNP,25272986,TemperatureSeasonalityStandardDeviation.png
SNP,25272405,BulkDensity.png
SNP,25272360,PrecipitationofDriestMonth.png
SNP,43465214,AnnualMeanTemperature.png
SNP,25270215,PrecipitationofWettestMonth.png
SNP,25270260,PrecipitationofDriestQuarter.png
SNP,44901708,PrecipitationofWarmestQuarter.png
SNP,6780227,SoilpHinKCl.png
SNP,43700679,SiltContent.png
SNP,43691097,MeanTemperatureofWarmestQuarter.png
SNP,43704657,AnnualTemperatureRange.png
SNP,43734006,PrecipitationofDriestQuarter.png
SNP,25272361,PrecipitationofWarmestQuarter.png
SNP,44901867,PrecipitationSeasonalityCV.png
SNP,43699712,AnnualTemperatureRange.png
SNP,2688278,BulkDensity.png
SNP,25270073,MeanTemperatureofColdestQuarter.png
SNP,25273024,AnnualTemperatureRange.png
SNP,25271573,AnnualMeanDiurnalRange.png
SNP,43465266,PrecipitationofColdestQuarter.png
SNP,43465073,PrecipitationSeasonalityCV.png
SNP,25273869,AvailableSoilWaterCapacityuntilwiltingpoint.png
SNP,25270914,PrecipitationofDriestMonth.png
SNP,25270234,PrecipitationofDriestMonth.png
SNP,2689185,AnnualMeanDiurnalRange.png
SNP,25270309,PrecipitationofDriestMonth.png
SNP,25273356,SoilpHinH2O.png
SNP,25270073,TemperatureSeasonalityStandardDeviation.png
SNP,25272360,BulkDensity.png
SNP,25272986,AnnualTemperatureRange.png
SNP,2688296,PrecipitationofWarmestQuarter.png
SNP,43701050,CationExchangeCapacityofSoil.png
SNP,2691074,TemperatureSeasonalityStandardDeviation.png
SNP,44899474,PrecipitationofDriestMonth.png
SNP,25270309,SaturatedWaterContent.png
SNP,44899450,PrecipitationofDriestQuarter.png
SNP,25272592,MeanTemperatureofColdestQuarter.png
SNP,25273578,MaxTemperatureoftheWarmestMonth.png
SNP,43700474,CoarseFragments.png
SNP,25272140,SoilpHinH2O.png
SNP,25273998,MeanTemperatureofDryestQuarter.png
SNP,25272592,SandContent.png
SNP,43690042,PrecipitationofWettestQuarter.png
SNP,44897624,BulkDensity.png
SNP,43700917,ClayContent.png
SNP,25272592,AnnualTemperatureRange.png
SNP,43462923,MeanTemperatureofWarmestQuarter.png
SNP,1220457,SiltContent.png
SNP,43701050,Isothermality.png
SNP,43690102,MeanTemperatureofWarmestQuarter.png
SNP,44901753,MeanTemperatureofColdestQuarter.png
SNP,44901667,AvailableSoilWaterCapacityuntilwiltingpoint.png
SNP,43703416,AnnualTemperatureRange.png
SNP,25271267,ClayContent.png
SNP,44902052,MeanTemperatureofWettestQuarter.png
SNP,25272140,AvailableSoilWaterCapacity.png
SNP,43688876,MeanTemperatureofDryestQuarter.png
SNP,2688278,SoilOrganicCarbonContent.png
SNP,25272140,AnnualTemperatureRange.png
SNP,44899980,BulkDensity.png
SNP,25270330,PrecipitationofWettestQuarter.png
SNP,2688296,AnnualMeanDiurnalRange.png
SNP,25274178,AnnualMeanTemperature.png
SNP,43714387,SoilpHinH2O.png
SNP,25270534,PrecipitationofWettestMonth.png
SNP,43703394,PrecipitationofWarmestQuarter.png
SNP,43703555,ClayContent.png
SNP,43465102,PrecipitationofWettestMonth.png
SNP,43691413,AnnualMeanTemperature.png
SNP,44899405,SandContent.png
SNP,1220457,SoilpHinH2O.png
SNP,25272980,AnnualTemperatureRange.png
SNP,25271478,PrecipitationSeasonalityCV.png
SNP,43691097,SoilOrganicCarbonContent.png
SNP,43700709,SiltContent.png
SNP,25270534,PrecipitationofWettestQuarter.png
SNP,43688597,SoilpHinKCl.png
SNP,43704634,MeanTemperatureofDryestQuarter.png
SNP,1220457,SaturatedWaterContent.png
SNP,44901957,MeanTemperatureofWettestQuarter.png
SNP,43686742,AnnualMeanDiurnalRange.png
SNP,43704663,SoilpHinH2O.png
SNP,1220251,ClayContent.png
SNP,43701966,MeanTemperatureofDryestQuarter.png
SNP,43687814,SaturatedWaterContent.png
SNP,25272794,MeanTemperatureofWarmestQuarter.png
SNP,25269889,PrecipitationofWarmestQuarter.png
SNP,43698630,AnnualMeanDiurnalRange.png
SNP,43688878,MinTemperatureoftheColdestMonth.png
SNP,2689185,Isothermality.png
SNP,25272794,SoilpHinH2O.png
SNP,43689976,AnnualMeanDiurnalRange.png
SNP,25272986,ClayContent.png
SNP,1219145,MeanTemperatureofWarmestQuarter.png
SNP,43701111,MeanTemperatureofWarmestQuarter.png
SNP,1219701,SiltContent.png
SNP,43699622,CoarseFragments.png
SNP,1219145,PrecipitationSeasonalityCV.png
SNP,43464636,SoilpHinH2O.png
SNP,44899405,PrecipitationofDriestMonth.png
SNP,25270235,PrecipitationofDriestMonth.png
SNP,44901862,PrecipitationSeasonalityCV.png
SNP,1219145,SiltContent.png
SNP,25270531,AnnualMeanTemperature.png
SNP,1220361,SiltContent.png
SNP,43728007,AnnualPrecipitation.png
SNP,25270235,BulkDensity.png
SNP,25273578,MinTemperatureoftheColdestMonth.png
SNP,2691074,SoilpHinKCl.png
SNP,1223934,MaxTemperatureoftheWarmestMonth.png
SNP,43714169,Isothermality.png
SNP,25272451,PrecipitationofWettestQuarter.png
SNP,43460149,AnnualTemperatureRange.png
SNP,43714185,SiltContent.png
SNP,43465261,PrecipitationofDriestMonth.png
SNP,43691097,MeanTemperatureofDryestQuarter.png
SNP,44899422,PrecipitationofDriestMonth.png
SNP,44899325,SiltContent.png
SNP,43714387,TemperatureSeasonalityStandardDeviation.png
SNP,1224536,PrecipitationofColdestQuarter.png
SNP,43699711,MaxTemperatureoftheWarmestMonth.png
SNP,43688343,TemperatureSeasonalityStandardDeviation.png
SNP,43700785,AnnualMeanDiurnalRange.png
SNP,43701250,MeanTemperatureofDryestQuarter.png
SNP,25270494,MinTemperatureoftheColdestMonth.png
SNP,44901708,PrecipitationofDriestQuarter.png
SNP,43701955,MaxTemperatureoftheWarmestMonth.png
SNP,43713056,MeanTemperatureofDryestQuarter.png
SNP,25272592,BulkDensity.png
SNP,43690034,SoilOrganicCarbonContent.png
SNP,43690102,CoarseFragments.png
SNP,43698287,AnnualMeanDiurnalRange.png
SNP,43689976,SaturatedWaterContent.png
SNP,25271302,AnnualTemperatureRange.png
SNP,1223485,SiltContent.png
SNP,43691106,PrecipitationofWarmestQuarter.png
SNP,43728066,CoarseFragments.png
SNP,2689185,MaxTemperatureoftheWarmestMonth.png
SNP,43701423,CoarseFragments.png
SNP,43703293,SoilpHinH2O.png
SNP,44899980,PrecipitationofWettestQuarter.png
SNP,43691097,PrecipitationofWettestMonth.png
SNP,2691074,SoilpHinH2O.png
SNP,43460149,AnnualMeanDiurnalRange.png
SNP,6780227,PrecipitationofDriestMonth.png
SNP,25271302,MeanTemperatureofColdestQuarter.png
SNP,43689976,SoilpHinH2O.png
SNP,44901957,SiltContent.png
SNP,43733974,MeanTemperatureofDryestQuarter.png
SNP,44900875,PrecipitationofDriestMonth.png
SNP,43700679,SandContent.png
SNP,25273578,MeanTemperatureofColdestQuarter.png
SNP,43691469,PrecipitationofWarmestQuarter.png
SNP,2688278,AnnualPrecipitation.png
SNP,43700984,SoilpHinH2O.png
SNP,43700679,AvailableSoilWaterCapacity.png
SNP,44898935,MinTemperatureoftheColdestMonth.png
SNP,43688025,AnnualTemperatureRange.png
SNP,1220546,SandContent.png
SNP,44899361,AnnualMeanDiurnalRange.png
SNP,44899980,PrecipitationofWarmestQuarter.png
SNP,43699711,AnnualTemperatureRange.png
SNP,25273869,AnnualTemperatureRange.png
SNP,43701407,MeanTemperatureofDryestQuarter.png
SNP,44901729,MeanTemperatureofColdestQuarter.png
SNP,25270073,PrecipitationofDriestMonth.png
SNP,43699082,AnnualMeanTemperature.png
SNP,2689185,BulkDensity.png
SNP,43699786,PrecipitationofWettestQuarter.png
SNP,25273024,PrecipitationofDriestMonth.png
SNP,43687438,SoilOrganicCarbonContent.png
SNP,25274368,BulkDensity.png
SNP,25271101,AnnualMeanDiurnalRange.png
SNP,43698630,AnnualTemperatureRange.png
SNP,43689786,SoilpHinH2O.png
SNP,44901708,MeanTemperatureofWettestQuarter.png
SNP,25273051,SandContent.png
SNP,25271812,PrecipitationofDriestQuarter.png
SNP,25272851,BulkDensity.png
SNP,43704684,TemperatureSeasonalityStandardDeviation.png
SNP,43698638,Isothermality.png
SNP,43688876,AnnualTemperatureRange.png
SNP,43700671,MaxTemperatureoftheWarmestMonth.png
SNP,43465082,AnnualMeanDiurnalRange.png
SNP,43701111,MinTemperatureoftheColdestMonth.png
SNP,25271877,PrecipitationofWarmestQuarter.png
SNP,1223644,MeanTemperatureofWarmestQuarter.png
SNP,43713306,AnnualPrecipitation.png
SNP,43691469,MaxTemperatureoftheWarmestMonth.png
SNP,43700708,MaxTemperatureoftheWarmestMonth.png
SNP,43704750,AnnualPrecipitation.png
SNP,25272487,ClayContent.png
SNP,25271573,MaxTemperatureoftheWarmestMonth.png
SNP,43688876,MinTemperatureoftheColdestMonth.png
SNP,44897624,SaturatedWaterContent.png
SNP,25270260,PrecipitationofDriestMonth.png
SNP,1225230,PrecipitationofWarmestQuarter.png
SNP,43714365,MeanTemperatureofDryestQuarter.png
SNP,43691145,SoilpHinKCl.png
SNP,25270525,AnnualTemperatureRange.png
SNP,43727474,SoilpHinH2O.png
SNP,2688028,ClayContent.png
SNP,2688028,AvailableSoilWaterCapacity.png
SNP,25270514,MinTemperatureoftheColdestMonth.png
SNP,2690951,SandContent.png
SNP,1220457,PrecipitationofWarmestQuarter.png
SNP,2688174,CoarseFragments.png
SNP,43728066,SoilOrganicCarbonContent.png
SNP,2689020,SoilpHinKCl.png
SNP,43691097,PrecipitationofColdestQuarter.png
SNP,25270212,PrecipitationofDriestQuarter.png
SNP,25274613,MaxTemperatureoftheWarmestMonth.png
SNP,44901867,TemperatureSeasonalityStandardDeviation.png
SNP,43690034,BulkDensity.png
SNP,43700474,SoilpHinKCl.png
SNP,44899361,PrecipitationSeasonalityCV.png
SNP,43727474,MaxTemperatureoftheWarmestMonth.png
SNP,43465328,PrecipitationofColdestQuarter.png
SNP,25272952,MeanTemperatureofDryestQuarter.png
SNP,2688174,BulkDensity.png
SNP,25271267,AvailableSoilWaterCapacity.png
SNP,25272951,PrecipitationofDriestMonth.png
SNP,1220361,SaturatedWaterContent.png
SNP,44901862,MeanTemperatureofWettestQuarter.png
SNP,43734006,PrecipitationofWarmestQuarter.png
SNP,43465261,PrecipitationSeasonalityCV.png
SNP,44901957,AnnualTemperatureRange.png
SNP,25270309,AnnualTemperatureRange.png
SNP,25273998,MeanTemperatureofWarmestQuarter.png
SNP,43689709,SoilpHinKCl.png
SNP,44901867,AnnualMeanDiurnalRange.png
SNP,25272487,MinTemperatureoftheColdestMonth.png
SNP,43699590,CationExchangeCapacityofSoil.png
SNP,43700682,AnnualTemperatureRange.png
SNP,43699590,PrecipitationofWettestMonth.png
SNP,25270260,BulkDensity.png
SNP,25270152,AvailableSoilWaterCapacity.png
SNP,25270534,MeanTemperatureofColdestQuarter.png
SNP,43701217,ClayContent.png
SNP,43690571,MeanTemperatureofColdestQuarter.png
SNP,25270330,PrecipitationofWarmestQuarter.png
SNP,25272986,SandContent.png
SNP,25270208,AnnualMeanTemperature.png
SNP,44899474,MinTemperatureoftheColdestMonth.png
SNP,43465261,Isothermality.png
SNP,6780989,PrecipitationofDriestQuarter.png
SNP,43701217,MaxTemperatureoftheWarmestMonth.png
SNP,1220457,AnnualPrecipitation.png
SNP,43691589,SiltContent.png
SNP,44899980,PrecipitationofWettestMonth.png
SNP,43703171,MeanTemperatureofColdestQuarter.png
SNP,44899449,AnnualTemperatureRange.png
SNP,25272140,SaturatedWaterContent.png
SNP,25273134,PrecipitationofWarmestQuarter.png
SNP,43700999,AnnualMeanTemperature.png
SNP,43460149,MinTemperatureoftheColdestMonth.png
SNP,25270069,BulkDensity.png
SNP,25270238,PrecipitationofWarmestQuarter.png
SNP,44899361,PrecipitationofDriestMonth.png
SNP,25272487,AnnualMeanTemperature.png
SNP,43713619,MeanTemperatureofDryestQuarter.png
SNP,43699105,MeanTemperatureofDryestQuarter.png
SNP,25272952,MeanTemperatureofColdestQuarter.png
SNP,43687814,AnnualMeanDiurnalRange.png
SNP,44899446,AnnualTemperatureRange.png
SNP,2688296,ClayContent.png
SNP,1224607,PrecipitationofWettestQuarter.png
SNP,2688174,PrecipitationofWettestMonth.png
SNP,43701850,MeanTemperatureofWettestQuarter.png
SNP,2691128,SoilOrganicCarbonContent.png
SNP,43715605,CoarseFragments.png
SNP,1223934,AvailableSoilWaterCapacityuntilwiltingpoint.png
SNP,2688234,AvailableSoilWaterCapacity.png
SNP,1219145,SoilpHinH2O.png
SNP,2688174,SoilpHinKCl.png
SNP,25271065,Isothermality.png
SNP,43701966,AvailableSoilWaterCapacity.png
SNP,43701412,PrecipitationSeasonalityCV.png
SNP,44897624,SiltContent.png
SNP,43686422,MinTemperatureoftheColdestMonth.png
SNP,44901708,PrecipitationofDriestMonth.png
SNP,44899474,SiltContent.png
SNP,1220964,SoilpHinH2O.png
SNP,43699517,Isothermality.png
SNP,43703171,TemperatureSeasonalityStandardDeviation.png
SNP,25273021,PrecipitationSeasonalityCV.png
SNP,44898374,SoilpHinH2O.png
SNP,25272952,PrecipitationofWarmestQuarter.png
SNP,25271812,AvailableSoilWaterCapacity.png
SNP,6782050,PrecipitationofWettestMonth.png
SNP,25271101,AvailableSoilWaterCapacity.png
SNP,43728007,PrecipitationofColdestQuarter.png
SNP,43699712,MinTemperatureoftheColdestMonth.png
SNP,43702428,MaxTemperatureoftheWarmestMonth.png
SNP,43700229,MeanTemperatureofWarmestQuarter.png
SNP,44902052,PrecipitationSeasonalityCV.png
SNP,43734006,MeanTemperatureofDryestQuarter.png
SNP,43700763,Isothermality.png
SNP,25273029,MeanTemperatureofWarmestQuarter.png
SNP,25270069,MinTemperatureoftheColdestMonth.png
SNP,43700585,SoilpHinKCl.png
SNP,1221407,AvailableSoilWaterCapacityuntilwiltingpoint.png
SNP,25271267,AnnualMeanDiurnalRange.png
SNP,43685249,MaxTemperatureoftheWarmestMonth.png
SNP,43700999,Isothermality.png
SNP,1220361,PrecipitationofWarmestQuarter.png
SNP,43688343,AnnualPrecipitation.png
SNP,2688234,PrecipitationofDriestMonth.png
SNP,25270531,MinTemperatureoftheColdestMonth.png
SNP,44901957,TemperatureSeasonalityStandardDeviation.png
SNP,2689020,SoilOrganicCarbonContent.png
SNP,43690042,AnnualTemperatureRange.png
SNP,43703394,MeanTemperatureofWarmestQuarter.png
SNP,43715605,MeanTemperatureofDryestQuarter.png
SNP,43714264,MeanTemperatureofDryestQuarter.png
SNP,1223485,PrecipitationofWarmestQuarter.png
SNP,43703394,MeanTemperatureofDryestQuarter.png
SNP,1219701,SandContent.png
SNP,43465228,PrecipitationSeasonalityCV.png
SNP,43701141,AnnualMeanTemperature.png
SNP,25273705,BulkDensity.png
SNP,43689233,SoilpHinKCl.png
SNP,25273356,AnnualPrecipitation.png
SNP,25270914,AnnualTemperatureRange.png
SNP,43691097,AnnualPrecipitation.png
SNP,43700711,AnnualTemperatureRange.png
SNP,44901862,PrecipitationofDriestMonth.png
SNP,43714298,CationExchangeCapacityofSoil.png
SNP,44899394,MeanTemperatureofWettestQuarter.png
SNP,25272825,MeanTemperatureofDryestQuarter.png
SNP,44899450,MeanTemperatureofColdestQuarter.png
SNP,44899394,MinTemperatureoftheColdestMonth.png
SNP,25272851,SaturatedWaterContent.png
SNP,43714526,MeanTemperatureofDryestQuarter.png
SNP,43700679,SoilpHinH2O.png
SNP,1220006,SiltContent.png
SNP,25270069,SaturatedWaterContent.png
SNP,43690102,MeanTemperatureofDryestQuarter.png
SNP,43691097,PrecipitationofWarmestQuarter.png
SNP,25272951,SoilpHinH2O.png
SNP,43704634,MaxTemperatureoftheWarmestMonth.png
SNP,25273881,Isothermality.png
SNP,2688174,AvailableSoilWaterCapacity.png
SNP,43688343,MaxTemperatureoftheWarmestMonth.png
SNP,43689709,SoilpHinH2O.png
SNP,2687823,PrecipitationofWettestMonth.png
SNP,25273046,MaxTemperatureoftheWarmestMonth.png
SNP,2689018,AnnualTemperatureRange.png
SNP,25273869,SandContent.png
SNP,43700711,SoilpHinKCl.png
SNP,44899980,PrecipitationofDriestQuarter.png
SNP,6780227,SoilpHinH2O.png
SNP,43690571,AnnualMeanTemperature.png
SNP,43713875,MaxTemperatureoftheWarmestMonth.png
SNP,25272794,MaxTemperatureoftheWarmestMonth.png
SNP,25273021,SoilpHinH2O.png
SNP,25273024,TemperatureSeasonalityStandardDeviation.png
SNP,43703416,SoilpHinH2O.png
SNP,43700679,MeanTemperatureofColdestQuarter.png
SNP,44899980,AnnualPrecipitation.png
SNP,44899607,SoilpHinH2O.png
SNP,43701850,CoarseFragments.png
SNP,44900753,SiltContent.png
SNP,25272794,PrecipitationofDriestQuarter.png
SNP,43462554,MeanTemperatureofColdestQuarter.png
SNP,43700895,MinTemperatureoftheColdestMonth.png
SNP,44899980,SaturatedWaterContent.png
SNP,43465224,PrecipitationSeasonalityCV.png
SNP,1219701,PrecipitationofWarmestQuarter.png
SNP,43688878,MaxTemperatureoftheWarmestMonth.png
SNP,25270212,BulkDensity.png
SNP,44899361,SiltContent.png
SNP,25270073,BulkDensity.png
SNP,25270212,PrecipitationofWarmestQuarter.png
SNP,43460971,AvailableSoilWaterCapacityuntilwiltingpoint.png
SNP,43691249,SoilpHinH2O.png
SNP,25270330,BulkDensity.png
SNP,25272851,MeanTemperatureofColdestQuarter.png
SNP,25270152,SaturatedWaterContent.png
SNP,43699105,PrecipitationSeasonalityCV.png
SNP,25273896,AnnualTemperatureRange.png
SNP,43691187,MeanTemperatureofDryestQuarter.png
SNP,43465085,PrecipitationSeasonalityCV.png
SNP,43689049,TemperatureSeasonalityStandardDeviation.png
SNP,43700711,MeanTemperatureofColdestQuarter.png
SNP,43701210,MeanTemperatureofColdestQuarter.png
SNP,44899607,ClayContent.png
SNP,25270260,SiltContent.png
SNP,43690034,AnnualPrecipitation.png
SNP,44900753,AvailableSoilWaterCapacityuntilwiltingpoint.png
SNP,44901708,MeanTemperatureofColdestQuarter.png
SNP,44899361,TemperatureSeasonalityStandardDeviation.png
SNP,43690377,MaxTemperatureoftheWarmestMonth.png
SNP,43689709,MeanTemperatureofWarmestQuarter.png
SNP,25271573,PrecipitationofWarmestQuarter.png
SNP,43701217,Isothermality.png
SNP,25273051,ClayContent.png
SNP,25272951,PrecipitationofDriestQuarter.png
SNP,6782784,AnnualMeanDiurnalRange.png
SNP,44899422,PrecipitationofDriestQuarter.png
SNP,43464556,PrecipitationofDriestMonth.png
SNP,43689976,MaxTemperatureoftheWarmestMonth.png
SNP,1219145,SaturatedWaterContent.png
SNP,43689976,MeanTemperatureofWarmestQuarter.png
SNP,25274576,ClayContent.png
SNP,43700667,MeanTemperatureofColdestQuarter.png
SNP,44901667,AnnualMeanTemperature.png
SNP,1221407,AvailableSoilWaterCapacity.png
SNP,43699846,AnnualMeanDiurnalRange.png
SNP,43728066,PrecipitationofWettestMonth.png
SNP,1220361,BulkDensity.png
SNP,25270309,PrecipitationofDriestQuarter.png
SNP,25272747,SandContent.png
SNP,43704657,SoilOrganicCarbonContent.png
SNP,43690034,SaturatedWaterContent.png
SNP,44899405,MinTemperatureoftheColdestMonth.png
SNP,1223485,TemperatureSeasonalityStandardDeviation.png
SNP,43704663,MeanTemperatureofWarmestQuarter.png
SNP,1224607,SoilpHinKCl.png
SNP,43689049,SoilpHinKCl.png
SNP,25272361,AvailableSoilWaterCapacity.png
SNP,44899449,MeanTemperatureofColdestQuarter.png
SNP,43713903,AnnualMeanDiurnalRange.png
SNP,25271812,AnnualMeanDiurnalRange.png
SNP,1224536,PrecipitationofWettestMonth.png
SNP,25272361,SoilOrganicCarbonContent.png
SNP,2688028,MaxTemperatureoftheWarmestMonth.png
SNP,2688296,AvailableSoilWaterCapacity.png
SNP,25270309,PrecipitationofWettestMonth.png
SNP,25273046,TemperatureSeasonalityStandardDeviation.png
SNP,43700681,MeanTemperatureofDryestQuarter.png
SNP,43691097,BulkDensity.png
SNP,25273705,AnnualMeanDiurnalRange.png
SNP,43691145,MeanTemperatureofWarmestQuarter.png
SNP,25272592,TemperatureSeasonalityStandardDeviation.png
SNP,43700984,MeanTemperatureofWarmestQuarter.png
SNP,43462554,PrecipitationofDriestMonth.png
SNP,44898374,MeanTemperatureofDryestQuarter.png
SNP,43701955,BulkDensity.png
SNP,25273356,PrecipitationSeasonalityCV.png
SNP,43687438,PrecipitationofWarmestQuarter.png
SNP,43728066,AnnualPrecipitation.png
SNP,43701407,SoilpHinH2O.png
SNP,25271101,PrecipitationofWarmestQuarter.png
SNP,25270260,PrecipitationofWarmestQuarter.png
SNP,43688343,AnnualMeanDiurnalRange.png
SNP,25272825,MeanTemperatureofWarmestQuarter.png
SNP,25272651,SoilpHinKCl.png
SNP,6782935,TemperatureSeasonalityStandardDeviation.png
SNP,44900875,PrecipitationofWettestMonth.png
SNP,43733975,PrecipitationSeasonalityCV.png
SNP,2691128,MeanTemperatureofWarmestQuarter.png
SNP,25274503,BulkDensity.png
SNP,44901867,SandContent.png
SNP,43703394,SoilpHinH2O.png
SNP,25272589,AnnualTemperatureRange.png
SNP,25273024,SaturatedWaterContent.png
SNP,44898935,PrecipitationofDriestMonth.png
SNP,44899422,MinTemperatureoftheColdestMonth.png
SNP,25272405,PrecipitationofDriestQuarter.png
SNP,43703555,MeanTemperatureofWarmestQuarter.png
SNP,25271101,PrecipitationofDriestQuarter.png
SNP,43686742,MaxTemperatureoftheWarmestMonth.png
SNP,43700709,SandContent.png
SNP,44901862,AnnualTemperatureRange.png
SNP,1223485,AnnualTemperatureRange.png
SNP,25269889,PrecipitationofDriestQuarter.png
SNP,1219701,PrecipitationofDriestMonth.png
SNP,43691106,MeanTemperatureofWarmestQuarter.png
SNP,43689049,AnnualPrecipitation.png
SNP,44901729,SoilOrganicCarbonContent.png
SNP,43691469,SaturatedWaterContent.png
SNP,25272089,PrecipitationofWarmestQuarter.png
SNP,2688174,PrecipitationofWettestQuarter.png
SNP,43700667,MinTemperatureoftheColdestMonth.png
SNP,44899394,AnnualMeanDiurnalRange.png
SNP,25270174,PrecipitationofWarmestQuarter.png
SNP,43701955,AnnualTemperatureRange.png
SNP,2689185,SoilpHinKCl.png
SNP,43461163,MeanTemperatureofColdestQuarter.png
SNP,25270152,MeanTemperatureofColdestQuarter.png
SNP,43698638,PrecipitationofWarmestQuarter.png
SNP,25273869,SiltContent.png
SNP,1220673,PrecipitationofWarmestQuarter.png
SNP,43691226,AvailableSoilWaterCapacity.png
SNP,44901753,MinTemperatureoftheColdestMonth.png
SNP,25272794,PrecipitationSeasonalityCV.png
SNP,25270215,SaturatedWaterContent.png
SNP,25271877,MeanTemperatureofWarmestQuarter.png
SNP,2689185,SoilpHinH2O.png
SNP,1220251,CationExchangeCapacityofSoil.png
SNP,43689976,AnnualPrecipitation.png
SNP,44901667,AnnualTemperatureRange.png
SNP,43701366,CoarseFragments.png
SNP,25271877,MinTemperatureoftheColdestMonth.png
SNP,43701955,MeanTemperatureofDryestQuarter.png
SNP,43690024,PrecipitationSeasonalityCV.png
SNP,2688296,MeanTemperatureofColdestQuarter.png
SNP,25272851,PrecipitationofDriestQuarter.png
SNP,25272951,PrecipitationofWarmestQuarter.png
SNP,43691413,CoarseFragments.png
SNP,43699517,AnnualMeanDiurnalRange.png
SNP,43701407,PrecipitationofWettestQuarter.png
SNP,25270330,AnnualTemperatureRange.png
SNP,25272951,SoilOrganicCarbonContent.png
SNP,43688343,MeanTemperatureofWarmestQuarter.png
SNP,25271065,PrecipitationofWarmestQuarter.png
SNP,43465214,PrecipitationSeasonalityCV.png
SNP,43690003,PrecipitationofWarmestQuarter.png
SNP,43465101,AnnualMeanTemperature.png
SNP,44901729,SaturatedWaterContent.png
SNP,44901753,PrecipitationofDriestMonth.png
SNP,43687942,MeanTemperatureofColdestQuarter.png
SNP,25270183,SaturatedWaterContent.png
SNP,25272361,SaturatedWaterContent.png
SNP,44899394,MeanTemperatureofColdestQuarter.png
SNP,44901667,MeanTemperatureofWettestQuarter.png
SNP,25270069,AnnualMeanTemperature.png
SNP,43702428,AnnualTemperatureRange.png
SNP,43703394,AnnualPrecipitation.png
SNP,25272405,PrecipitationofWarmestQuarter.png
SNP,43733824,PrecipitationofDriestMonth.png
SNP,6782784,TemperatureSeasonalityStandardDeviation.png
SNP,44901867,SiltContent.png
SNP,44899446,TemperatureSeasonalityStandardDeviation.png
SNP,25272361,BulkDensity.png
SNP,25273705,MaxTemperatureoftheWarmestMonth.png
SNP,1223934,SiltContent.png
SNP,25270494,PrecipitationofColdestQuarter.png
SNP,1223485,SoilpHinH2O.png
SNP,43699786,TemperatureSeasonalityStandardDeviation.png
SNP,44899450,MinTemperatureoftheColdestMonth.png
SNP,43701955,TemperatureSeasonalityStandardDeviation.png
SNP,1223485,SandContent.png
SNP,43689233,TemperatureSeasonalityStandardDeviation.png
SNP,25272980,MeanTemperatureofWarmestQuarter.png
SNP,2688234,MeanTemperatureofWarmestQuarter.png
SNP,43691097,MaxTemperatureoftheWarmestMonth.png
SNP,25270192,SaturatedWaterContent.png
SNP,25273998,PrecipitationSeasonalityCV.png
SNP,43465347,PrecipitationofColdestQuarter.png
SNP,43700585,TemperatureSeasonalityStandardDeviation.png
SNP,25270215,PrecipitationofDriestQuarter.png
SNP,1219145,PrecipitationofDriestQuarter.png
SNP,25271877,PrecipitationofDriestMonth.png
SNP,44899607,TemperatureSeasonalityStandardDeviation.png
SNP,43699590,AnnualTemperatureRange.png
SNP,25271812,MaxTemperatureoftheWarmestMonth.png
SNP,43688597,MinTemperatureoftheColdestMonth.png
SNP,1223485,PrecipitationofDriestMonth.png
SNP,25272651,AnnualTemperatureRange.png
SNP,25271267,SandContent.png
SNP,25273024,SandContent.png
SNP,43733824,PrecipitationofWarmestQuarter.png
SNP,43704657,SandContent.png
SNP,25270914,MaxTemperatureoftheWarmestMonth.png
SNP,25270531,MeanTemperatureofColdestQuarter.png
SNP,44899478,MeanTemperatureofColdestQuarter.png
SNP,1224536,PrecipitationofWettestQuarter.png
SNP,43700605,MeanTemperatureofWarmestQuarter.png
SNP,25272851,PrecipitationSeasonalityCV.png
SNP,43689786,AnnualPrecipitation.png
SNP,1220570,PrecipitationofWarmestQuarter.png
SNP,2689020,SoilpHinH2O.png
SNP,43701955,MeanTemperatureofWarmestQuarter.png
SNP,25272487,SandContent.png
SNP,25271877,AnnualMeanTemperature.png
SNP,25270152,Isothermality.png
SNP,25270376,AnnualTemperatureRange.png
SNP,1220558,AvailableSoilWaterCapacity.png
SNP,25270309,SoilOrganicCarbonContent.png
SNP,43700041,MeanTemperatureofWarmestQuarter.png
SNP,43690034,AvailableSoilWaterCapacity.png
SNP,43713903,TemperatureSeasonalityStandardDeviation.png
SNP,25269889,PrecipitationofDriestMonth.png
SNP,43701364,AvailableSoilWaterCapacity.png
SNP,25270174,SaturatedWaterContent.png
SNP,43727474,ClayContent.png
SNP,43701293,CationExchangeCapacityofSoil.png
SNP,25273046,SandContent.png
SNP,2689185,MeanTemperatureofWarmestQuarter.png
SNP,25272451,MinTemperatureoftheColdestMonth.png
SNP,6782935,AnnualTemperatureRange.png
SNP,25274365,SaturatedWaterContent.png
SNP,43461163,MinTemperatureoftheColdestMonth.png
SNP,44901051,MeanTemperatureofWettestQuarter.png
SNP,1221407,PrecipitationofColdestQuarter.png
SNP,25273024,PrecipitationofWarmestQuarter.png
SNP,44901649,TemperatureSeasonalityStandardDeviation.png
SNP,43701412,PrecipitationofDriestQuarter.png
SNP,43465102,PrecipitationofColdestQuarter.png
SNP,25273869,AnnualMeanDiurnalRange.png
SNP,43465085,PrecipitationofColdestQuarter.png
SNP,44897624,SoilOrganicCarbonContent.png
SNP,25272825,TemperatureSeasonalityStandardDeviation.png
SNP,1224536,CationExchangeCapacityofSoil.png
SNP,44899361,SandContent.png
SNP,1223485,AvailableSoilWaterCapacityuntilwiltingpoint.png
SNP,25270376,MaxTemperatureoftheWarmestMonth.png
SNP,25272589,ClayContent.png
SNP,44899405,MeanTemperatureofWettestQuarter.png
SNP,2691074,AnnualMeanDiurnalRange.png
SNP,25271101,AnnualTemperatureRange.png
SNP,25273896,MeanTemperatureofWarmestQuarter.png
SNP,43691106,PrecipitationofWettestQuarter.png
SNP,43460437,AnnualPrecipitation.png
SNP,43704627,TemperatureSeasonalityStandardDeviation.png
SNP,25273051,MinTemperatureoftheColdestMonth.png
SNP,43704750,MeanTemperatureofWarmestQuarter.png
SNP,43689277,AnnualMeanTemperature.png
SNP,43699786,MeanTemperatureofColdestQuarter.png
SNP,44899446,MeanTemperatureofColdestQuarter.png
SNP,25270238,SiltContent.png
SNP,43700585,AnnualTemperatureRange.png
SNP,1223619,MinTemperatureoftheColdestMonth.png
SNP,43700763,AnnualMeanDiurnalRange.png
SNP,43715628,MeanTemperatureofWettestQuarter.png
SNP,43727474,AnnualTemperatureRange.png
SNP,25272592,MeanTemperatureofWarmestQuarter.png
SNP,25272592,ClayContent.png
SNP,43688597,AnnualTemperatureRange.png
SNP,2688296,MeanTemperatureofWarmestQuarter.png
SNP,43700984,AnnualMeanTemperature.png
SNP,43699786,AnnualTemperatureRange.png
SNP,25272825,SoilpHinH2O.png
SNP,43701872,ClayContent.png
SNP,43727474,MeanTemperatureofDryestQuarter.png
SNP,43715786,AvailableSoilWaterCapacity.png
SNP,2691074,MaxTemperatureoftheWarmestMonth.png
SNP,25270494,PrecipitationofWettestMonth.png
SNP,43703394,AnnualTemperatureRange.png
